-- phpMyAdmin SQL Dump
-- version 5.2.1
-- https://www.phpmyadmin.net/
--
-- Host: 127.0.0.1
-- Generation Time: Dec 14, 2023 at 10:37 AM
-- Server version: 10.4.28-MariaDB
-- PHP Version: 8.1.17

SET SQL_MODE = "NO_AUTO_VALUE_ON_ZERO";
START TRANSACTION;
SET time_zone = "+00:00";


/*!40101 SET @OLD_CHARACTER_SET_CLIENT=@@CHARACTER_SET_CLIENT */;
/*!40101 SET @OLD_CHARACTER_SET_RESULTS=@@CHARACTER_SET_RESULTS */;
/*!40101 SET @OLD_COLLATION_CONNECTION=@@COLLATION_CONNECTION */;
/*!40101 SET NAMES utf8mb4 */;

--
-- Database: `spk-trend_moment`
--

-- --------------------------------------------------------

--
-- Table structure for table `barang`
--

CREATE TABLE `barang` (
  `id` bigint(20) UNSIGNED NOT NULL,
  `nama` varchar(128) NOT NULL,
  `created_at` timestamp NULL DEFAULT NULL,
  `updated_at` timestamp NULL DEFAULT NULL
) ENGINE=InnoDB DEFAULT CHARSET=utf8mb4 COLLATE=utf8mb4_general_ci;

--
-- Dumping data for table `barang`
--

INSERT INTO `barang` (`id`, `nama`, `created_at`, `updated_at`) VALUES
(516, 'udang merah', '2023-11-05 09:07:14', '2023-11-13 07:36:16'),
(517, 'udang putih', '2023-11-05 09:07:34', '2023-11-13 07:36:26'),
(519, 'Udang windu', '2023-11-05 09:19:38', '2023-11-13 07:36:35'),
(520, 'Udang kupas frozen fish', '2023-11-05 09:23:42', '2023-11-13 07:37:03'),
(521, 'Lobster', '2023-11-05 09:23:55', '2023-11-13 07:37:14'),
(522, 'Cumi putih', '2023-11-05 09:24:36', '2023-11-13 07:37:51'),
(523, 'Cumi sotong', '2023-11-05 09:24:57', '2023-11-13 07:38:11'),
(524, 'Baby cumi', '2023-11-05 09:25:15', '2023-11-13 07:38:24'),
(525, 'Kepiting bakau', '2023-11-05 09:25:46', '2023-11-13 07:38:41'),
(526, 'Kepiting rajungan', '2023-11-05 09:26:16', '2023-11-13 07:39:00'),
(540, 'Kerang dara', '2023-11-13 07:29:41', '2023-11-13 07:39:36'),
(541, 'Kerang batik', '2023-11-13 07:30:38', '2023-11-13 07:39:54'),
(542, 'Daging ayam', '2023-11-13 07:30:50', '2023-11-13 07:40:11'),
(543, 'Daging bebek', '2023-11-13 07:31:19', '2023-11-13 07:40:29'),
(544, 'Daging ayam kampung', '2023-11-13 07:31:26', '2023-11-13 07:40:46'),
(545, 'Fillet dada', '2023-11-13 07:31:36', '2023-11-13 07:41:07'),
(546, 'Fillet paha', '2023-11-13 07:31:44', '2023-11-13 07:42:36'),
(547, 'Tetelan tuna', '2023-11-13 07:31:52', '2023-11-13 07:43:48'),
(548, 'Tuna fillet', '2023-11-13 07:32:02', '2023-11-13 07:44:02'),
(549, 'Marlyn fillet', '2023-11-13 07:32:10', '2023-11-13 07:44:17'),
(550, 'Ikan kerapu', '2023-11-13 07:32:21', '2023-11-13 07:44:34'),
(551, 'Ikan gergahing', '2023-11-13 07:44:46', '2023-11-13 07:44:46'),
(552, 'Ikan anggoli', '2023-11-13 07:44:57', '2023-11-13 07:44:57'),
(553, 'Tetelan daging sapi', '2023-11-13 07:45:07', '2023-11-13 07:45:07');

-- --------------------------------------------------------

--
-- Table structure for table `barang_tahun_bulan`
--

CREATE TABLE `barang_tahun_bulan` (
  `id` bigint(20) UNSIGNED NOT NULL,
  `barang_id` bigint(20) UNSIGNED DEFAULT NULL,
  `satuan` varchar(128) NOT NULL,
  `tahun_id` bigint(20) UNSIGNED DEFAULT NULL,
  `bulan_id` bigint(20) UNSIGNED DEFAULT NULL,
  `jumlah` double NOT NULL,
  `created_at` timestamp NULL DEFAULT NULL,
  `updated_at` timestamp NULL DEFAULT NULL
) ENGINE=InnoDB DEFAULT CHARSET=utf8mb4 COLLATE=utf8mb4_general_ci;

--
-- Dumping data for table `barang_tahun_bulan`
--

INSERT INTO `barang_tahun_bulan` (`id`, `barang_id`, `satuan`, `tahun_id`, `bulan_id`, `jumlah`, `created_at`, `updated_at`) VALUES
(59, 516, 'Kilogram', 2, 1, 35, '2023-11-13 07:53:20', '2023-11-13 07:53:20'),
(60, 516, 'Kilogram', 2, 2, 37, '2023-11-13 07:53:41', '2023-11-13 07:53:41'),
(61, 516, 'Kilogram', 2, 3, 50, '2023-11-13 07:53:57', '2023-11-13 07:53:57'),
(62, 516, 'Kilogram', 2, 5, 60, '2023-11-13 07:55:32', '2023-11-13 07:55:32'),
(63, 516, 'Kilogram', 2, 6, 60, '2023-11-13 07:55:56', '2023-11-13 07:55:56'),
(64, 516, 'Kilogram', 2, 7, 37, '2023-11-13 07:56:39', '2023-11-13 07:56:39'),
(65, 516, 'Kilogram', 2, 8, 37, '2023-11-13 07:57:05', '2023-11-13 07:57:05'),
(66, 516, 'Kilogram', 2, 9, 35, '2023-11-13 07:57:24', '2023-11-13 07:57:24'),
(67, 516, 'Kilogram', 2, 10, 50, '2023-11-13 07:57:49', '2023-11-13 07:57:49'),
(68, 516, 'Kilogram', 2, 11, 60, '2023-11-13 07:58:28', '2023-11-13 07:58:28'),
(69, 516, 'Kilogram', 2, 12, 70, '2023-11-13 07:58:49', '2023-11-13 07:58:49'),
(70, 516, 'Kilogram', 2, 13, 75, '2023-11-13 07:59:06', '2023-11-13 07:59:06'),
(71, 516, 'Kilogram', 3, 1, 20, '2023-11-13 08:04:24', '2023-11-13 08:04:24'),
(72, 516, 'Kilogram', 3, 2, 37, '2023-11-13 08:05:18', '2023-11-13 08:05:18'),
(73, 516, 'Kilogram', 3, 3, 50, '2023-11-13 08:05:43', '2023-11-13 08:05:43'),
(74, 516, 'Kilogram', 3, 5, 60, '2023-11-13 08:06:06', '2023-11-13 08:06:06'),
(75, 516, 'Kilogram', 3, 6, 60, '2023-11-13 08:06:41', '2023-11-13 08:06:41'),
(76, 516, 'Kilogram', 3, 7, 37, '2023-11-13 08:07:24', '2023-11-13 08:07:24'),
(77, 516, 'Kilogram', 3, 8, 37, '2023-11-13 08:07:41', '2023-11-13 08:07:41'),
(78, 516, 'Kilogram', 3, 9, 35, '2023-11-13 08:07:58', '2023-11-13 08:07:58'),
(79, 516, 'Kilogram', 3, 10, 50, '2023-11-13 08:08:19', '2023-11-13 08:08:19'),
(80, 516, 'Kilogram', 3, 11, 60, '2023-11-13 08:08:42', '2023-11-13 08:08:42'),
(81, 516, 'Kilogram', 3, 12, 70, '2023-11-13 08:09:12', '2023-11-13 08:09:12'),
(82, 516, 'Kilogram', 3, 13, 75, '2023-11-13 08:09:30', '2023-11-13 08:09:30'),
(83, 516, 'Kilogram', 4, 1, 30, '2023-11-13 08:10:00', '2023-11-13 08:10:00'),
(84, 516, 'Kilogram', 4, 2, 35, '2023-11-13 08:10:22', '2023-11-13 08:10:22'),
(85, 516, 'Kilogram', 4, 3, 50, '2023-11-13 08:10:40', '2023-11-13 08:10:40'),
(86, 516, 'Kilogram', 4, 5, 70, '2023-11-13 08:11:07', '2023-11-13 08:11:07'),
(87, 516, 'Kilogram', 4, 6, 60, '2023-11-13 08:12:18', '2023-11-13 08:12:18'),
(88, 516, 'Kilogram', 4, 7, 50, '2023-11-13 08:12:37', '2023-11-13 08:12:37'),
(89, 516, 'Kilogram', 4, 8, 50, '2023-11-13 08:12:56', '2023-11-13 08:12:56'),
(90, 516, 'Kilogram', 4, 9, 50, '2023-11-13 08:13:15', '2023-11-13 08:13:15'),
(91, 516, 'Kilogram', 4, 10, 45, '2023-11-13 08:13:39', '2023-11-13 08:13:39'),
(92, 516, 'Kilogram', 4, 11, 50, '2023-11-13 08:14:28', '2023-11-13 08:14:28'),
(93, 516, 'Kilogram', 4, 12, 70, '2023-11-13 08:21:56', '2023-11-13 08:21:56'),
(94, 516, 'Kilogram', 4, 13, 75, '2023-11-13 08:22:14', '2023-11-13 08:22:14'),
(95, 516, 'Kilogram', 5, 1, 50, '2023-11-13 08:22:41', '2023-11-13 08:22:41'),
(96, 516, 'Kilogram', 5, 2, 60, '2023-11-13 08:23:19', '2023-11-13 08:23:19'),
(97, 516, 'Kilogram', 5, 3, 75, '2023-11-13 08:23:42', '2023-11-13 08:23:42'),
(98, 516, 'Kilogram', 5, 5, 75, '2023-11-13 08:24:06', '2023-11-13 08:24:06'),
(99, 516, 'Kilogram', 5, 6, 85, '2023-11-13 08:24:32', '2023-11-13 08:24:32'),
(100, 517, 'Kilogram', 2, 1, 30, '2023-11-13 10:28:52', '2023-11-13 10:28:52'),
(101, 517, 'Kilogram', 2, 2, 70, '2023-11-13 10:29:25', '2023-11-13 10:29:25'),
(102, 517, 'Kilogram', 2, 3, 80, '2023-11-13 10:31:01', '2023-11-13 10:31:01'),
(103, 517, 'Kilogram', 2, 5, 80, '2023-11-13 10:32:18', '2023-11-13 10:32:18'),
(104, 517, 'Kilogram', 2, 6, 80, '2023-11-13 10:32:47', '2023-11-13 10:32:47'),
(105, 517, 'Kilogram', 2, 7, 70, '2023-11-13 10:33:26', '2023-11-13 10:33:26'),
(106, 517, 'Kilogram', 2, 8, 70, '2023-11-13 10:33:55', '2023-11-13 10:33:55'),
(107, 517, 'Kilogram', 2, 9, 30, '2023-11-13 10:34:22', '2023-11-13 10:34:22'),
(108, 517, 'Kilogram', 2, 10, 45, '2023-11-13 10:36:28', '2023-11-13 10:36:28'),
(110, 517, 'Kilogram', 2, 11, 80, '2023-11-13 10:37:22', '2023-11-13 10:39:53'),
(111, 517, 'Kilogram', 2, 12, 85, '2023-11-13 10:37:50', '2023-11-13 10:43:30'),
(112, 517, 'Kilogram', 2, 13, 100, '2023-11-13 10:43:56', '2023-11-13 10:43:56'),
(113, 517, 'Kilogram', 3, 1, 35, '2023-11-13 10:44:27', '2023-11-13 10:44:27'),
(114, 517, 'Kilogram', 3, 2, 70, '2023-11-13 10:45:13', '2023-11-13 10:45:13'),
(115, 517, 'Kilogram', 3, 3, 80, '2023-11-13 10:45:51', '2023-11-13 10:45:51'),
(116, 517, 'Kilogram', 3, 5, 85, '2023-11-13 10:46:15', '2023-11-13 10:46:15'),
(117, 517, 'Kilogram', 3, 6, 70, '2023-11-13 10:47:12', '2023-11-13 10:47:12'),
(118, 517, 'Kilogram', 3, 7, 70, '2023-11-13 10:47:40', '2023-11-13 10:47:40'),
(119, 517, 'Kilogram', 3, 8, 70, '2023-11-13 10:48:08', '2023-11-13 10:48:08'),
(120, 517, 'Kilogram', 3, 9, 30, '2023-11-13 10:48:39', '2023-11-13 10:48:39'),
(121, 517, 'Kilogram', 3, 10, 45, '2023-11-13 10:49:07', '2023-11-13 10:49:07'),
(122, 517, 'Kilogram', 3, 11, 80, '2023-11-13 10:49:24', '2023-11-13 10:49:52'),
(123, 517, 'Kilogram', 3, 12, 85, '2023-11-13 10:50:31', '2023-11-13 10:50:31'),
(124, 517, 'Kilogram', 3, 13, 100, '2023-11-13 10:50:57', '2023-11-13 10:50:57'),
(125, 517, 'Kilogram', 4, 1, 45, '2023-11-13 10:52:14', '2023-11-13 10:52:14'),
(126, 517, 'Kilogram', 4, 2, 50, '2023-11-13 10:52:48', '2023-11-13 10:52:48'),
(127, 517, 'Kilogram', 4, 3, 100, '2023-11-13 10:53:21', '2023-11-13 10:53:21'),
(128, 517, 'Kilogram', 4, 5, 120, '2023-11-13 10:53:54', '2023-11-13 10:53:54'),
(129, 517, 'Kilogram', 4, 6, 120, '2023-11-13 10:54:19', '2023-11-13 10:54:19'),
(130, 517, 'Kilogram', 4, 7, 80, '2023-11-13 10:55:07', '2023-11-13 10:55:07'),
(131, 517, 'Kilogram', 4, 8, 70, '2023-11-13 10:55:35', '2023-11-13 10:55:35'),
(132, 517, 'Kilogram', 4, 9, 30, '2023-11-13 10:56:12', '2023-11-13 10:56:12'),
(133, 517, 'Kilogram', 4, 10, 45, '2023-11-13 10:56:38', '2023-11-13 10:56:38'),
(134, 517, 'Kilogram', 4, 11, 80, '2023-11-13 10:57:04', '2023-11-13 10:57:04'),
(135, 517, 'Kilogram', 4, 12, 85, '2023-11-13 10:58:09', '2023-11-13 10:58:09'),
(136, 517, 'Kilogram', 4, 13, 90, '2023-11-13 10:58:32', '2023-11-13 10:58:32'),
(137, 517, 'Kilogram', 5, 1, 50, '2023-11-13 11:09:43', '2023-11-13 11:09:43'),
(138, 517, 'Kilogram', 5, 2, 85, '2023-11-13 11:10:10', '2023-11-13 11:10:32'),
(139, 517, 'Kilogram', 5, 3, 100, '2023-11-13 11:10:58', '2023-11-13 11:10:58'),
(140, 517, 'Kilogram', 5, 5, 150, '2023-11-13 11:11:29', '2023-11-13 11:11:29'),
(141, 517, 'Kilogram', 5, 6, 320, '2023-11-13 11:12:03', '2023-11-13 11:12:03'),
(142, 519, 'Kilogram', 2, 1, 20, '2023-11-13 11:12:57', '2023-11-13 11:12:57'),
(143, 519, 'Kilogram', 2, 2, 25, '2023-11-13 11:13:36', '2023-11-13 11:13:36'),
(144, 519, 'Kilogram', 2, 3, 25, '2023-11-13 11:14:13', '2023-11-13 11:14:13'),
(145, 519, 'Kilogram', 2, 5, 20, '2023-11-13 11:14:37', '2023-11-13 11:14:37'),
(146, 519, 'Kilogram', 2, 6, 20, '2023-11-13 11:14:58', '2023-11-13 11:14:58'),
(147, 519, 'Kilogram', 2, 7, 25, '2023-11-13 11:15:31', '2023-11-13 11:15:31'),
(148, 519, 'Kilogram', 2, 8, 25, '2023-11-13 11:16:11', '2023-11-13 11:16:11'),
(149, 519, 'Kilogram', 2, 9, 20, '2023-11-13 11:29:20', '2023-11-13 11:29:20'),
(150, 519, 'Kilogram', 2, 10, 15, '2023-11-13 11:29:48', '2023-11-13 11:29:48'),
(151, 519, 'Kilogram', 2, 11, 15, '2023-11-13 11:30:15', '2023-11-13 11:30:15'),
(152, 519, 'Kilogram', 2, 12, 20, '2023-11-13 11:30:55', '2023-11-13 11:30:55'),
(153, 519, 'Kilogram', 2, 13, 20, '2023-11-13 11:31:22', '2023-11-13 11:31:22'),
(154, 519, 'Kilogram', 3, 1, 15, '2023-11-13 11:54:16', '2023-11-13 11:54:16'),
(155, 519, 'Kilogram', 3, 2, 25, '2023-11-13 11:54:57', '2023-11-13 11:54:57'),
(156, 519, 'Kilogram', 3, 3, 25, '2023-11-13 11:55:30', '2023-11-13 11:55:30'),
(157, 519, 'Kilogram', 3, 5, 20, '2023-11-13 11:56:00', '2023-11-13 11:56:00'),
(158, 519, 'Kilogram', 3, 6, 17, '2023-11-13 11:56:46', '2023-11-13 11:56:46'),
(159, 519, 'Kilogram', 3, 7, 25, '2023-11-13 11:57:22', '2023-11-13 11:57:22'),
(160, 519, 'Kilogram', 3, 8, 25, '2023-11-13 12:00:49', '2023-11-13 12:00:49'),
(161, 519, 'Kilogram', 3, 9, 20, '2023-11-13 12:01:22', '2023-11-13 12:01:22'),
(162, 519, 'Kilogram', 3, 10, 15, '2023-11-13 12:01:45', '2023-11-13 12:01:45'),
(163, 519, 'Kilogram', 3, 11, 15, '2023-11-13 12:02:28', '2023-11-13 12:02:28'),
(164, 519, 'Kilogram', 3, 12, 20, '2023-11-13 12:02:59', '2023-11-13 12:02:59'),
(165, 519, 'Kilogram', 3, 13, 20, '2023-11-13 12:03:18', '2023-11-13 12:03:18'),
(166, 519, 'Kilogram', 4, 1, 15, '2023-11-13 12:04:23', '2023-11-13 12:04:23'),
(167, 519, 'Kilogram', 4, 2, 25, '2023-11-13 12:04:50', '2023-11-13 12:04:50'),
(168, 519, 'Kilogram', 4, 3, 30, '2023-11-13 12:05:14', '2023-11-13 12:05:14'),
(169, 519, 'Kilogram', 4, 5, 40, '2023-11-13 12:05:35', '2023-11-13 12:05:35'),
(170, 519, 'Kilogram', 4, 6, 40, '2023-11-13 12:06:02', '2023-11-13 12:06:02'),
(171, 519, 'Kilogram', 4, 7, 25, '2023-11-13 12:06:42', '2023-11-13 12:06:42'),
(172, 519, 'Kilogram', 4, 8, 25, '2023-11-13 12:07:31', '2023-11-13 12:07:31'),
(173, 519, 'Kilogram', 4, 9, 20, '2023-11-13 12:07:54', '2023-11-13 12:07:54'),
(174, 519, 'Kilogram', 4, 10, 15, '2023-11-13 12:08:24', '2023-11-13 12:08:24'),
(175, 519, 'Kilogram', 4, 11, 15, '2023-11-13 12:10:56', '2023-11-13 12:10:56'),
(176, 519, 'Kilogram', 4, 12, 20, '2023-11-13 12:11:25', '2023-11-13 12:11:25'),
(177, 519, 'Kilogram', 4, 13, 20, '2023-11-13 12:11:42', '2023-11-13 12:11:42'),
(178, 520, 'Gram', 2, 1, 10, '2023-11-13 12:13:52', '2023-11-13 12:26:38'),
(179, 519, 'Kilogram', 5, 1, 15, '2023-11-13 12:16:29', '2023-11-13 12:16:29'),
(180, 519, 'Kilogram', 5, 2, 25, '2023-11-13 12:16:46', '2023-11-13 12:16:46'),
(181, 519, 'Kilogram', 5, 3, 30, '2023-11-13 12:17:21', '2023-11-13 12:17:21'),
(182, 519, 'Kilogram', 5, 5, 40, '2023-11-13 12:18:05', '2023-11-13 12:18:05'),
(183, 519, 'Kilogram', 5, 6, 65, '2023-11-13 12:18:28', '2023-11-13 12:18:28'),
(190, 520, 'gram', 2, 2, 10, '2023-11-13 12:28:01', '2023-11-13 12:28:01'),
(191, 520, 'gram', 2, 3, 10, '2023-11-13 12:28:28', '2023-11-13 12:28:28'),
(192, 520, 'gram', 2, 5, 8, '2023-11-13 12:28:55', '2023-11-13 12:28:55'),
(193, 520, 'gram', 2, 6, 8, '2023-11-13 12:29:37', '2023-11-13 12:29:37'),
(194, 520, 'gram', 2, 7, 10, '2023-11-13 12:29:59', '2023-11-13 12:29:59'),
(195, 520, 'gram', 2, 8, 10, '2023-11-13 12:30:28', '2023-11-13 12:30:28'),
(196, 520, 'gram', 2, 9, 10, '2023-11-13 12:30:54', '2023-11-13 12:30:54'),
(197, 520, 'gram', 2, 10, 8, '2023-11-13 12:31:18', '2023-11-13 12:31:18'),
(198, 520, 'gram', 2, 11, 8, '2023-11-13 12:31:43', '2023-11-13 12:31:43'),
(199, 520, 'gram', 2, 12, 7, '2023-11-13 12:32:39', '2023-11-13 12:32:39'),
(200, 520, 'gram', 2, 13, 8, '2023-11-13 12:33:03', '2023-11-13 12:33:03'),
(201, 520, 'gram', 3, 1, 7, '2023-11-13 12:33:31', '2023-11-13 12:33:31'),
(202, 520, 'gram', 3, 2, 8, '2023-11-13 12:33:51', '2023-11-13 12:33:51'),
(203, 520, 'gram', 3, 5, 8, '2023-11-13 12:34:40', '2023-11-13 12:34:40'),
(204, 520, 'gram', 3, 6, 10, '2023-11-13 12:35:02', '2023-11-13 12:35:02'),
(205, 520, 'gram', 3, 7, 10, '2023-11-13 12:35:23', '2023-11-13 12:35:23'),
(206, 520, 'gram', 3, 8, 10, '2023-11-13 12:35:59', '2023-11-13 12:35:59'),
(207, 520, 'gram', 3, 9, 10, '2023-11-13 12:36:19', '2023-11-13 12:36:19'),
(208, 520, 'gram', 3, 10, 8, '2023-11-13 12:36:42', '2023-11-13 12:36:42'),
(209, 520, 'gram', 3, 11, 8, '2023-11-13 12:37:09', '2023-11-13 12:37:09'),
(210, 520, 'gram', 3, 12, 7, '2023-11-13 12:37:34', '2023-11-13 12:37:34'),
(211, 520, 'gram', 3, 13, 8, '2023-11-13 12:37:57', '2023-11-13 12:37:57'),
(212, 520, 'gram', 4, 1, 7, '2023-11-13 12:38:42', '2023-11-13 12:38:42'),
(213, 520, 'gram', 4, 2, 8, '2023-11-13 12:39:05', '2023-11-13 12:39:05'),
(214, 520, 'gram', 4, 3, 10, '2023-11-13 12:39:34', '2023-11-13 12:39:34'),
(215, 520, 'gram', 4, 5, 8, '2023-11-13 12:43:22', '2023-11-13 12:43:22'),
(216, 520, 'gram', 4, 6, 10, '2023-11-13 12:43:46', '2023-11-13 12:43:46'),
(217, 520, 'gram', 4, 7, 10, '2023-11-13 12:44:12', '2023-11-13 12:44:12'),
(218, 520, 'gram', 4, 8, 10, '2023-11-13 12:44:40', '2023-11-13 12:44:40'),
(219, 520, 'gram', 4, 9, 10, '2023-11-13 12:45:03', '2023-11-13 12:45:03'),
(222, 520, 'gram', 4, 10, 8, '2023-11-13 12:49:02', '2023-11-13 12:49:02'),
(223, 520, 'gram', 4, 11, 8, '2023-11-13 12:49:45', '2023-11-13 12:49:45'),
(224, 520, 'gram', 4, 12, 7, '2023-11-13 12:50:11', '2023-11-13 12:50:11'),
(225, 520, 'Ons', 4, 13, 8, '2023-11-13 12:50:36', '2023-11-13 12:50:36'),
(226, 520, 'gram', 5, 1, 7, '2023-11-13 12:51:28', '2023-11-13 12:51:28'),
(227, 520, 'Gram', 5, 2, 8, '2023-11-13 12:51:56', '2023-11-13 12:53:14'),
(228, 520, 'Gram', 5, 3, 10, '2023-11-13 12:52:41', '2023-11-13 12:54:41'),
(229, 520, 'gram', 5, 5, 8, '2023-11-13 12:55:26', '2023-11-13 12:55:26'),
(230, 520, 'gram', 5, 6, 10, '2023-11-13 12:56:23', '2023-11-13 12:56:23'),
(231, 521, 'Kilogram', 2, 1, 2, '2023-11-13 12:58:08', '2023-11-13 12:58:08'),
(232, 521, 'Kilogram', 2, 2, 5, '2023-11-13 12:58:29', '2023-11-13 12:58:29'),
(233, 521, 'Kilogram', 2, 3, 3, '2023-11-13 12:58:55', '2023-11-13 12:58:55'),
(234, 521, 'Kilogram', 2, 5, 4, '2023-11-13 12:59:18', '2023-11-13 13:01:06'),
(235, 521, 'Kilogram', 2, 6, 4, '2023-11-13 13:00:21', '2023-11-13 13:01:39'),
(236, 521, 'Kilogram', 2, 7, 5, '2023-11-13 13:02:14', '2023-11-13 13:02:14'),
(237, 521, 'Kilogram', 2, 8, 5, '2023-11-13 13:02:38', '2023-11-13 13:02:38'),
(238, 521, 'Kilogram', 2, 9, 2, '2023-11-13 13:03:02', '2023-11-13 13:03:02'),
(239, 521, 'Kilogram', 2, 10, 3, '2023-11-13 13:03:30', '2023-11-13 13:03:30'),
(240, 521, 'Kilogram', 2, 11, 4, '2023-11-13 13:04:17', '2023-11-13 13:04:17'),
(241, 521, 'Kilogram', 2, 12, 3, '2023-11-13 13:04:40', '2023-11-13 13:04:40'),
(242, 521, 'Kilogram', 2, 13, 4, '2023-11-13 13:05:08', '2023-11-13 13:05:08'),
(243, 521, 'Kilogram', 3, 1, 2, '2023-11-13 13:05:45', '2023-11-13 13:05:45'),
(244, 521, 'Kilogram', 3, 2, 5, '2023-11-13 13:06:12', '2023-11-13 13:06:12'),
(245, 521, 'Kilogram', 3, 3, 3, '2023-11-13 13:06:53', '2023-11-13 13:07:49'),
(246, 521, 'Kilogram', 3, 5, 4, '2023-11-13 13:08:28', '2023-11-13 13:08:28'),
(247, 521, 'Kilogram', 3, 6, 4, '2023-11-13 13:08:52', '2023-11-13 13:08:52'),
(248, 521, 'Kilogram', 3, 7, 5, '2023-11-13 13:09:15', '2023-11-13 13:09:15'),
(249, 521, 'Kilogram', 3, 8, 5, '2023-11-13 13:21:37', '2023-11-13 13:21:37'),
(250, 521, 'Kilogram', 3, 9, 2, '2023-11-13 13:22:29', '2023-11-13 13:22:29'),
(251, 521, 'Kilogram', 3, 10, 3, '2023-11-13 13:22:59', '2023-11-13 13:22:59'),
(252, 521, 'Kilogram', 3, 11, 4, '2023-11-13 13:23:20', '2023-11-13 13:23:20'),
(253, 521, 'Kilogram', 3, 12, 3, '2023-11-13 13:23:59', '2023-11-13 13:23:59'),
(254, 521, 'Kilogram', 3, 13, 4, '2023-11-13 13:24:28', '2023-11-13 13:24:28'),
(255, 521, 'Kilogram', 4, 1, 2, '2023-11-13 13:25:47', '2023-11-13 13:25:47'),
(256, 521, 'Kilogram', 4, 2, 5, '2023-11-13 13:26:11', '2023-11-13 13:26:11'),
(257, 521, 'Kilogram', 4, 3, 3, '2023-11-13 13:26:44', '2023-11-13 13:26:44'),
(258, 521, 'Kilogram', 4, 5, 4, '2023-11-13 13:27:39', '2023-11-13 13:27:39'),
(259, 521, 'Kilogram', 4, 6, 4, '2023-11-13 13:28:06', '2023-11-13 13:28:06'),
(260, 521, 'Kilogram', 4, 7, 5, '2023-11-13 13:28:55', '2023-11-13 13:28:55'),
(261, 521, 'Kilogram', 4, 8, 5, '2023-11-13 13:29:35', '2023-11-13 13:29:35'),
(262, 521, 'Kilogram', 4, 9, 2, '2023-11-13 13:30:15', '2023-11-13 13:30:15'),
(263, 521, 'Kilogram', 4, 10, 3, '2023-11-13 13:30:38', '2023-11-13 13:30:38'),
(264, 521, 'Kilogram', 4, 11, 4, '2023-11-13 13:31:16', '2023-11-13 13:31:16'),
(265, 521, 'Kilogram', 4, 12, 3, '2023-11-13 13:31:40', '2023-11-13 13:31:40'),
(266, 521, 'Kilogram', 4, 13, 4, '2023-11-13 13:32:07', '2023-11-13 13:32:07'),
(267, 521, 'Kilogram', 5, 1, 2, '2023-11-13 13:33:20', '2023-11-13 13:33:20'),
(268, 521, 'Kilogram', 5, 2, 5, '2023-11-13 13:33:44', '2023-11-13 13:33:44'),
(269, 521, 'Kilogram', 5, 3, 3, '2023-11-13 13:34:14', '2023-11-13 13:34:14'),
(270, 521, 'Kilogram', 5, 5, 4, '2023-11-13 13:34:46', '2023-11-13 13:34:46'),
(271, 521, 'Kilogram', 5, 6, 4, '2023-11-13 13:35:17', '2023-11-13 13:35:17'),
(272, 522, 'Kilogram', 2, 1, 25, '2023-11-13 13:36:13', '2023-11-13 13:36:13'),
(273, 522, 'Kilogram', 2, 2, 20, '2023-11-13 13:36:48', '2023-11-13 13:36:48'),
(274, 522, 'Kilogram', 2, 3, 20, '2023-11-13 13:37:11', '2023-11-13 13:37:11'),
(275, 522, 'Kilogram', 2, 5, 25, '2023-11-13 13:37:34', '2023-11-13 13:37:59'),
(276, 522, 'Kilogram', 2, 6, 25, '2023-11-13 13:39:29', '2023-11-13 13:39:29'),
(277, 522, 'Kilogram', 2, 7, 20, '2023-11-13 13:40:30', '2023-11-13 13:40:30'),
(278, 522, 'Kilogram', 2, 8, 20, '2023-11-13 13:40:55', '2023-11-13 13:40:55'),
(279, 522, 'Kilogram', 2, 9, 25, '2023-11-13 13:41:58', '2023-11-13 13:41:58'),
(280, 522, 'Kilogram', 2, 10, 15, '2023-11-13 13:42:45', '2023-11-13 13:42:45'),
(281, 522, 'Kilogram', 2, 11, 25, '2023-11-13 13:43:54', '2023-11-13 13:43:54'),
(282, 522, 'Kilogram', 2, 12, 20, '2023-11-13 13:44:40', '2023-11-13 13:44:40'),
(283, 522, 'Kilogram', 2, 13, 25, '2023-11-13 13:45:04', '2023-11-13 13:45:04'),
(284, 522, 'Kilogram', 3, 1, 25, '2023-11-13 13:46:36', '2023-11-13 13:46:36'),
(285, 522, 'Kilogram', 3, 2, 20, '2023-11-13 13:47:10', '2023-11-13 13:47:10'),
(286, 522, 'Kilogram', 3, 3, 20, '2023-11-13 13:47:40', '2023-11-13 13:47:40'),
(287, 522, 'Kilogram', 3, 5, 25, '2023-11-13 13:48:09', '2023-11-13 13:48:09'),
(288, 522, 'Kilogram', 3, 6, 25, '2023-11-13 13:48:30', '2023-11-13 13:48:30'),
(289, 522, 'Kilogram', 3, 7, 20, '2023-11-13 13:49:05', '2023-11-13 13:49:05'),
(290, 522, 'Kilogram', 3, 8, 20, '2023-11-13 13:49:28', '2023-11-13 13:49:28'),
(291, 522, 'Kilogram', 3, 9, 25, '2023-11-13 13:49:58', '2023-11-13 13:49:58'),
(292, 522, 'Kilogram', 3, 10, 15, '2023-11-13 13:50:22', '2023-11-13 13:50:22'),
(293, 522, 'Kilogram', 3, 11, 25, '2023-11-13 13:50:52', '2023-11-13 13:50:52'),
(294, 522, 'Kilogram', 3, 12, 20, '2023-11-13 13:51:21', '2023-11-13 13:51:21'),
(295, 522, 'Kilogram', 3, 13, 25, '2023-11-13 13:51:52', '2023-11-13 13:51:52'),
(296, 522, 'Kilogram', 4, 1, 25, '2023-11-13 13:52:34', '2023-11-13 13:52:49'),
(297, 522, 'Kilogram', 4, 2, 20, '2023-11-13 13:53:15', '2023-11-13 13:53:15'),
(298, 522, 'Kilogram', 4, 3, 20, '2023-11-13 13:53:47', '2023-11-13 13:53:47'),
(299, 522, 'Kilogram', 4, 5, 25, '2023-11-13 13:54:44', '2023-11-13 13:54:44'),
(300, 522, 'Kilogram', 4, 6, 25, '2023-11-13 13:55:08', '2023-11-13 13:55:08'),
(301, 522, 'Kilogram', 4, 7, 20, '2023-11-13 13:55:43', '2023-11-13 13:55:43'),
(302, 522, 'Kilogram', 4, 8, 20, '2023-11-13 13:56:08', '2023-11-13 13:56:08'),
(303, 522, 'Kilogram', 4, 9, 25, '2023-11-13 13:56:50', '2023-11-13 13:56:50'),
(304, 522, 'Kilogram', 4, 10, 15, '2023-11-13 13:57:41', '2023-11-13 13:57:41'),
(305, 522, 'Kilogram', 4, 11, 25, '2023-11-13 13:59:27', '2023-11-13 13:59:27'),
(306, 522, 'Kilogram', 4, 12, 20, '2023-11-13 13:59:53', '2023-11-13 13:59:53'),
(307, 522, 'Kilogram', 4, 13, 25, '2023-11-13 14:00:15', '2023-11-13 14:00:15'),
(308, 522, 'Kilogram', 5, 1, 25, '2023-11-13 14:00:57', '2023-11-13 14:00:57'),
(309, 522, 'Kilogram', 5, 2, 20, '2023-11-13 14:01:27', '2023-11-13 14:01:27'),
(310, 522, 'Kilogram', 5, 3, 20, '2023-11-13 14:02:08', '2023-11-13 14:02:08'),
(311, 522, 'Kilogram', 5, 5, 25, '2023-11-13 14:02:32', '2023-11-13 14:03:56'),
(312, 522, 'Kilogram', 5, 6, 25, '2023-11-13 14:04:31', '2023-11-13 14:04:31'),
(313, 523, 'Kilogram', 2, 1, 30, '2023-11-15 03:35:41', '2023-11-15 03:35:41'),
(314, 523, 'Kilogram', 2, 2, 35, '2023-11-15 03:36:05', '2023-11-15 03:36:05'),
(315, 523, 'Kilogram', 2, 3, 30, '2023-11-15 03:36:27', '2023-11-15 03:36:27'),
(316, 523, 'Kilogram', 2, 5, 25, '2023-11-15 03:36:47', '2023-11-15 03:36:47'),
(317, 523, 'Kilogram', 2, 6, 25, '2023-11-15 03:37:04', '2023-11-15 03:37:04'),
(318, 523, 'Kilogram', 2, 7, 35, '2023-11-15 03:37:24', '2023-11-15 03:37:24'),
(319, 523, 'Kilogram', 2, 8, 35, '2023-11-15 03:37:47', '2023-11-15 03:37:47'),
(320, 523, 'Kilogram', 2, 9, 30, '2023-11-15 03:38:07', '2023-11-15 03:38:07'),
(321, 523, 'Kilogram', 2, 10, 15, '2023-11-15 03:38:26', '2023-11-15 03:38:26'),
(322, 523, 'Kilogram', 2, 11, 25, '2023-11-15 03:39:07', '2023-11-15 03:39:07'),
(323, 523, 'Kilogram', 2, 12, 25, '2023-11-15 03:39:58', '2023-11-15 03:39:58'),
(324, 523, 'Kilogram', 2, 13, 25, '2023-11-15 03:40:28', '2023-11-15 03:40:28'),
(325, 523, 'Kilogram', 3, 1, 30, '2023-11-15 03:41:11', '2023-11-15 03:41:11'),
(326, 523, 'Kilogram', 3, 2, 35, '2023-11-15 03:41:32', '2023-11-15 03:41:32'),
(327, 523, 'Kilogram', 3, 3, 30, '2023-11-15 03:41:56', '2023-11-15 03:41:56'),
(328, 523, 'Kilogram', 3, 5, 25, '2023-11-15 03:42:11', '2023-11-15 03:42:11'),
(329, 523, 'Kilogram', 3, 6, 25, '2023-11-15 03:42:29', '2023-11-15 03:42:29'),
(330, 523, 'Kilogram', 3, 7, 35, '2023-11-15 03:42:49', '2023-11-15 03:42:49'),
(331, 523, 'Kilogram', 3, 8, 35, '2023-11-15 03:43:05', '2023-11-15 03:43:05'),
(332, 523, 'Kilogram', 3, 9, 30, '2023-11-15 03:43:22', '2023-11-15 03:43:22'),
(333, 523, 'Kilogram', 3, 10, 15, '2023-11-15 03:43:51', '2023-11-15 03:43:51'),
(334, 523, 'Kilogram', 3, 11, 25, '2023-11-15 03:44:07', '2023-11-15 03:44:07'),
(335, 523, 'Kilogram', 3, 12, 25, '2023-11-15 03:44:21', '2023-11-15 03:44:21'),
(336, 523, 'Kilogram', 3, 13, 25, '2023-11-15 03:44:38', '2023-11-15 03:44:38'),
(337, 523, 'Kilogram', 4, 1, 30, '2023-11-15 03:45:06', '2023-11-15 03:45:06'),
(338, 523, 'Kilogram', 4, 2, 35, '2023-11-15 03:45:24', '2023-11-15 03:45:24'),
(339, 523, 'Kilogram', 4, 3, 30, '2023-11-15 03:45:52', '2023-11-15 03:45:52'),
(340, 523, 'Kilogram', 4, 5, 25, '2023-11-15 03:46:07', '2023-11-15 03:46:07'),
(341, 523, 'Kilogram', 4, 6, 25, '2023-11-15 03:46:22', '2023-11-15 03:46:22'),
(342, 523, 'Kilogram', 4, 7, 35, '2023-11-15 03:46:43', '2023-11-15 03:46:43'),
(343, 523, 'Kilogram', 4, 8, 35, '2023-11-15 03:46:59', '2023-11-15 03:46:59'),
(344, 523, 'Kilogram', 4, 9, 30, '2023-11-15 03:47:16', '2023-11-15 03:47:16'),
(345, 523, 'Kilogram', 4, 10, 15, '2023-11-15 03:47:35', '2023-11-15 03:47:35'),
(346, 523, 'Kilogram', 4, 11, 25, '2023-11-15 03:47:51', '2023-11-15 03:47:51'),
(347, 523, 'Kilogram', 4, 12, 25, '2023-11-15 03:48:04', '2023-11-15 03:48:04'),
(348, 523, 'Kilogram', 4, 13, 25, '2023-11-15 03:48:17', '2023-11-15 03:48:17'),
(349, 523, 'Kilogram', 5, 1, 30, '2023-11-15 03:48:39', '2023-11-15 03:48:39'),
(350, 523, 'Kilogram', 5, 2, 35, '2023-11-15 03:49:01', '2023-11-15 03:49:01'),
(351, 523, 'Kilogram', 5, 3, 30, '2023-11-15 03:49:21', '2023-11-15 03:49:21'),
(352, 523, 'Kilogram', 5, 5, 25, '2023-11-15 03:49:51', '2023-11-15 03:49:51'),
(353, 523, 'Kilogram', 5, 6, 25, '2023-11-15 03:50:08', '2023-11-15 03:50:08'),
(354, 524, 'Kilogram', 2, 1, 2, '2023-11-15 03:50:38', '2023-11-15 03:50:38'),
(355, 524, 'Kilogram', 2, 2, 5, '2023-11-15 03:50:57', '2023-11-15 03:50:57'),
(356, 524, 'Kilogram', 2, 3, 4, '2023-11-15 03:51:15', '2023-11-15 03:51:15'),
(357, 524, 'Kilogram', 2, 5, 6, '2023-11-15 03:51:40', '2023-11-15 03:51:40'),
(358, 524, 'Kilogram', 2, 6, 6, '2023-11-15 03:52:04', '2023-11-15 03:52:04'),
(359, 524, 'Kilogram', 2, 7, 5, '2023-11-15 03:52:28', '2023-11-15 03:52:28'),
(360, 524, 'Kilogram', 2, 8, 5, '2023-11-15 03:52:55', '2023-11-15 03:52:55'),
(361, 524, 'Kilogram', 2, 9, 2, '2023-11-15 03:53:15', '2023-11-15 03:53:15'),
(362, 524, 'Kilogram', 2, 10, 3, '2023-11-15 03:53:38', '2023-11-15 03:53:38'),
(363, 524, 'Kilogram', 2, 11, 6, '2023-11-15 03:53:59', '2023-11-15 03:53:59'),
(364, 524, 'Kilogram', 2, 12, 5, '2023-11-15 03:54:27', '2023-11-15 03:54:27'),
(365, 524, 'Kilogram', 2, 13, 8, '2023-11-15 03:54:42', '2023-11-15 03:54:42'),
(366, 524, 'Kilogram', 3, 1, 2, '2023-11-15 03:55:05', '2023-11-15 03:55:05'),
(367, 524, 'Kilogram', 3, 2, 5, '2023-11-15 03:55:20', '2023-11-15 03:55:20'),
(368, 524, 'Kilogram', 3, 3, 4, '2023-11-15 03:55:55', '2023-11-15 03:55:55'),
(369, 524, 'Kilogram', 3, 5, 6, '2023-11-15 03:56:31', '2023-11-15 03:56:31'),
(370, 524, 'Kilogram', 3, 6, 6, '2023-11-15 03:56:50', '2023-11-15 03:56:50'),
(371, 524, 'Kilogram', 3, 7, 5, '2023-11-15 03:57:09', '2023-11-15 03:57:09'),
(372, 524, 'Kilogram', 3, 8, 5, '2023-11-15 03:57:28', '2023-11-15 03:57:28'),
(373, 524, 'Kilogram', 3, 9, 2, '2023-11-15 03:57:54', '2023-11-15 03:57:54'),
(374, 524, 'Kilogram', 3, 10, 3, '2023-11-15 03:58:12', '2023-11-15 03:58:12'),
(375, 524, 'Kilogram', 3, 11, 6, '2023-11-15 03:58:30', '2023-11-15 03:58:30'),
(376, 524, 'Kilogram', 3, 12, 5, '2023-11-15 03:58:46', '2023-11-15 03:58:46'),
(377, 524, 'Kilogram', 3, 13, 8, '2023-11-15 03:59:01', '2023-11-15 03:59:01'),
(378, 524, 'Kilogram', 4, 1, 2, '2023-11-15 03:59:36', '2023-11-15 03:59:36'),
(379, 524, 'Kilogram', 4, 2, 5, '2023-11-15 03:59:50', '2023-11-15 03:59:50'),
(380, 524, 'Kilogram', 4, 3, 4, '2023-11-15 04:00:05', '2023-11-15 04:00:05'),
(381, 524, 'Kilogram', 4, 5, 6, '2023-11-15 04:00:22', '2023-11-15 04:00:22'),
(382, 524, 'Kilogram', 4, 6, 6, '2023-11-15 04:00:37', '2023-11-15 04:00:37'),
(383, 524, 'Kilogram', 4, 7, 5, '2023-11-15 04:00:53', '2023-11-15 04:00:53'),
(384, 524, 'Kilogram', 4, 8, 5, '2023-11-15 04:01:06', '2023-11-15 04:01:06'),
(385, 524, 'Kilogram', 4, 9, 2, '2023-11-15 04:03:22', '2023-11-15 04:03:22'),
(386, 524, 'Kilogram', 4, 10, 3, '2023-11-15 04:03:37', '2023-11-15 04:03:37'),
(387, 524, 'Kilogram', 4, 11, 6, '2023-11-15 04:03:59', '2023-11-15 04:03:59'),
(388, 524, 'Kilogram', 4, 12, 5, '2023-11-15 04:04:13', '2023-11-15 04:04:13'),
(389, 524, 'Kilogram', 4, 13, 8, '2023-11-15 04:04:28', '2023-11-15 04:04:28'),
(390, 524, 'Kilogram', 5, 1, 2, '2023-11-15 04:04:50', '2023-11-15 04:04:50'),
(391, 524, 'Kilogram', 5, 2, 5, '2023-11-15 04:05:05', '2023-11-15 04:05:05'),
(392, 524, 'Kilogram', 5, 3, 4, '2023-11-15 04:05:22', '2023-11-15 04:05:22'),
(393, 524, 'Kilogram', 5, 5, 6, '2023-11-15 04:05:44', '2023-11-15 04:05:44'),
(394, 524, 'Kilogram', 5, 6, 6, '2023-11-15 04:06:00', '2023-11-15 04:06:00'),
(395, 525, 'Kilogram', 2, 1, 30, '2023-11-15 04:06:28', '2023-11-15 04:06:28'),
(396, 525, 'Kilogram', 2, 2, 25, '2023-11-15 04:06:45', '2023-11-15 04:06:45'),
(397, 525, 'Kilogram', 2, 3, 30, '2023-11-15 04:07:18', '2023-11-15 04:07:18'),
(398, 525, 'Kilogram', 2, 5, 30, '2023-11-15 04:07:36', '2023-11-15 04:07:36'),
(399, 525, 'Kilogram', 2, 6, 30, '2023-11-15 04:07:50', '2023-11-15 04:07:50'),
(400, 525, 'Kilogram', 2, 7, 25, '2023-11-15 04:08:05', '2023-11-15 04:08:05'),
(401, 525, 'Kilogram', 2, 8, 25, '2023-11-15 04:08:23', '2023-11-15 04:08:23'),
(402, 525, 'Kilogram', 2, 9, 30, '2023-11-15 04:08:41', '2023-11-15 04:08:41'),
(403, 525, 'Kilogram', 2, 10, 25, '2023-11-15 04:08:55', '2023-11-15 04:08:55'),
(404, 525, 'Kilogram', 2, 11, 30, '2023-11-15 04:09:14', '2023-11-15 04:09:14'),
(405, 525, 'Kilogram', 2, 12, 25, '2023-11-15 04:09:40', '2023-11-15 04:09:40'),
(406, 525, 'Kilogram', 2, 13, 20, '2023-11-15 04:09:56', '2023-11-15 04:09:56'),
(407, 525, 'Kilogram', 3, 1, 15, '2023-11-15 04:10:22', '2023-11-15 04:10:22'),
(408, 525, 'Kilogram', 3, 2, 25, '2023-11-15 04:10:37', '2023-11-15 04:10:37'),
(409, 525, 'Kilogram', 3, 3, 30, '2023-11-15 04:10:58', '2023-11-15 04:10:58'),
(410, 525, 'Kilogram', 3, 5, 30, '2023-11-15 04:11:15', '2023-11-15 04:11:15'),
(411, 525, 'Kilogram', 3, 6, 30, '2023-11-15 04:11:39', '2023-11-15 04:11:39'),
(412, 525, 'Kilogram', 3, 7, 25, '2023-11-15 04:12:17', '2023-11-15 04:12:17'),
(413, 525, 'Kilogram', 3, 8, 25, '2023-11-15 04:12:56', '2023-11-15 04:12:56'),
(414, 525, 'Kilogram', 3, 9, 30, '2023-11-15 04:13:16', '2023-11-15 04:13:16'),
(415, 525, 'Kilogram', 3, 10, 25, '2023-11-15 04:19:16', '2023-11-15 04:19:16'),
(416, 525, 'Kilogram', 3, 11, 30, '2023-11-15 04:19:38', '2023-11-15 04:19:38'),
(417, 525, 'Kilogram', 3, 12, 25, '2023-11-15 04:19:53', '2023-11-15 04:19:53'),
(418, 525, 'Kilogram', 3, 13, 20, '2023-11-15 04:20:13', '2023-11-15 04:20:13'),
(419, 525, 'Kilogram', 4, 1, 15, '2023-11-15 04:20:38', '2023-11-15 04:20:38'),
(420, 525, 'Kilogram', 4, 2, 25, '2023-11-15 04:20:53', '2023-11-15 04:20:53'),
(421, 525, 'Kilogram', 4, 3, 30, '2023-11-15 04:21:08', '2023-11-15 04:21:08'),
(422, 525, 'Kilogram', 4, 5, 30, '2023-11-15 04:21:23', '2023-11-15 04:21:23'),
(423, 525, 'Kilogram', 4, 6, 30, '2023-11-15 04:21:46', '2023-11-15 04:21:46'),
(424, 525, 'Kilogram', 4, 7, 25, '2023-11-15 04:22:05', '2023-11-15 04:22:05'),
(425, 525, 'Kilogram', 4, 8, 25, '2023-11-15 04:22:19', '2023-11-15 04:22:19'),
(426, 525, 'Kilogram', 4, 9, 30, '2023-11-15 04:22:35', '2023-11-15 04:22:35'),
(427, 525, 'Kilogram', 4, 10, 25, '2023-11-15 04:22:56', '2023-11-15 04:22:56'),
(428, 525, 'Kilogram', 4, 11, 30, '2023-11-15 04:23:10', '2023-11-15 04:23:10'),
(429, 525, 'Kilogram', 4, 12, 25, '2023-11-15 04:23:26', '2023-11-15 04:23:26'),
(430, 525, 'Kilogram', 4, 13, 20, '2023-11-15 04:23:41', '2023-11-15 04:23:41'),
(431, 525, 'Kilogram', 5, 1, 15, '2023-11-15 04:24:00', '2023-11-15 04:24:00'),
(432, 525, 'Kilogram', 5, 2, 25, '2023-11-15 04:24:13', '2023-11-15 04:24:13'),
(433, 525, 'Kilogram', 5, 3, 30, '2023-11-15 04:24:28', '2023-11-15 04:24:28'),
(434, 525, 'Kilogram', 5, 5, 30, '2023-11-15 04:24:43', '2023-11-15 04:24:43'),
(435, 525, 'Kilogram', 5, 6, 30, '2023-11-15 04:25:00', '2023-11-15 04:25:00'),
(436, 526, 'Kilogram', 2, 1, 10, '2023-11-15 04:25:26', '2023-11-15 04:25:26'),
(437, 526, 'Kilogram', 2, 2, 10, '2023-11-15 04:25:45', '2023-11-15 04:25:45'),
(438, 526, 'Kilogram', 2, 3, 10, '2023-11-15 04:26:02', '2023-11-15 04:26:02'),
(439, 526, 'Kilogram', 2, 5, 7, '2023-11-15 04:26:22', '2023-11-15 04:26:22'),
(440, 526, 'Kilogram', 2, 6, 7, '2023-11-15 04:26:37', '2023-11-15 04:26:37'),
(441, 526, 'Kilogram', 2, 7, 10, '2023-11-15 04:26:58', '2023-11-15 04:26:58'),
(442, 526, 'Kilogram', 2, 8, 10, '2023-11-15 04:27:15', '2023-11-15 04:27:15'),
(443, 526, 'Kilogram', 2, 9, 10, '2023-11-15 04:27:32', '2023-11-15 04:27:32'),
(444, 526, 'Kilogram', 2, 10, 8, '2023-11-15 04:28:00', '2023-11-15 04:28:00'),
(445, 526, 'Kilogram', 2, 11, 5, '2023-11-15 04:28:15', '2023-11-15 04:28:15'),
(446, 526, 'Kilogram', 2, 12, 10, '2023-11-15 04:28:57', '2023-11-15 04:28:57'),
(447, 526, 'Kilogram', 2, 13, 10, '2023-11-15 04:29:10', '2023-11-15 04:29:10'),
(448, 526, 'Kilogram', 3, 1, 12, '2023-11-15 04:29:37', '2023-11-15 04:29:37'),
(449, 526, 'Kilogram', 3, 2, 10, '2023-11-15 04:29:53', '2023-11-15 04:29:53'),
(450, 526, 'Kilogram', 3, 3, 10, '2023-11-15 04:30:07', '2023-11-15 04:30:07'),
(451, 526, 'Kilogram', 3, 5, 7, '2023-11-15 04:30:24', '2023-11-15 04:30:24'),
(452, 526, 'Kilogram', 3, 6, 7, '2023-11-15 04:30:39', '2023-11-15 04:30:39'),
(453, 526, 'Kilogram', 3, 7, 10, '2023-11-15 04:30:55', '2023-11-15 04:30:55'),
(454, 526, 'Kilogram', 3, 8, 10, '2023-11-15 04:31:08', '2023-11-15 04:31:08'),
(455, 526, 'Kilogram', 3, 9, 10, '2023-11-15 04:31:22', '2023-11-15 04:31:22'),
(456, 526, 'Kilogram', 3, 10, 8, '2023-11-15 04:31:43', '2023-11-15 04:31:43'),
(457, 526, 'Kilogram', 3, 11, 5, '2023-11-15 04:31:56', '2023-11-15 04:31:56'),
(458, 526, 'Kilogram', 3, 12, 10, '2023-11-15 04:32:14', '2023-11-15 04:32:14'),
(459, 526, 'Kilogram', 3, 13, 10, '2023-11-15 04:32:31', '2023-11-15 04:32:31'),
(460, 526, 'Kilogram', 4, 1, 12, '2023-11-15 04:32:47', '2023-11-15 04:32:47'),
(461, 526, 'Kilogram', 4, 2, 10, '2023-11-15 04:33:06', '2023-11-15 04:33:06'),
(462, 526, 'Kilogram', 4, 3, 10, '2023-11-15 04:33:22', '2023-11-15 04:33:22'),
(463, 526, 'Kilogram', 4, 5, 7, '2023-11-15 04:33:42', '2023-11-15 04:33:42'),
(464, 526, 'Kilogram', 4, 6, 7, '2023-11-15 04:33:59', '2023-11-15 04:33:59'),
(465, 526, 'Kilogram', 4, 7, 10, '2023-11-15 04:34:27', '2023-11-15 04:34:27'),
(466, 526, 'Kilogram', 4, 8, 8, '2023-11-15 04:34:44', '2023-11-15 04:34:44'),
(467, 526, 'Kilogram', 4, 9, 10, '2023-11-15 04:34:58', '2023-11-15 04:34:58'),
(468, 526, 'Kilogram', 4, 10, 8, '2023-11-15 04:35:15', '2023-11-15 04:35:15'),
(469, 526, 'Kilogram', 4, 11, 5, '2023-11-15 04:35:32', '2023-11-15 04:35:32'),
(470, 526, 'Kilogram', 4, 12, 10, '2023-11-15 04:35:48', '2023-11-15 04:35:48'),
(471, 526, 'Kilogram', 4, 13, 10, '2023-11-15 04:36:04', '2023-11-15 04:36:04'),
(472, 526, 'Kilogram', 5, 1, 12, '2023-11-15 04:36:22', '2023-11-15 04:36:22'),
(473, 526, 'Kilogram', 5, 2, 10, '2023-11-15 04:36:36', '2023-11-15 04:36:36'),
(474, 526, 'Kilogram', 5, 3, 10, '2023-11-15 04:36:51', '2023-11-15 04:36:51'),
(475, 526, 'Kilogram', 5, 5, 7, '2023-11-15 04:37:10', '2023-11-15 04:37:10'),
(476, 526, 'Kilogram', 5, 6, 7, '2023-11-15 04:37:26', '2023-11-15 04:37:26'),
(477, 540, 'Kilogram', 2, 1, 5, '2023-11-15 04:41:34', '2023-11-15 04:41:34'),
(478, 540, 'Kilogram', 2, 2, 5, '2023-11-15 04:41:50', '2023-11-15 04:41:50'),
(479, 540, 'Kilogram', 2, 3, 5, '2023-11-15 04:42:07', '2023-11-15 04:42:07'),
(480, 540, 'Kilogram', 2, 5, 4, '2023-11-15 04:42:27', '2023-11-15 04:42:27'),
(481, 540, 'Kilogram', 2, 6, 4, '2023-11-15 04:42:46', '2023-11-15 04:42:46'),
(482, 540, 'Kilogram', 2, 7, 5, '2023-11-15 04:43:00', '2023-11-15 04:43:00'),
(483, 540, 'Kilogram', 2, 8, 5, '2023-11-15 04:43:14', '2023-11-15 04:43:14'),
(484, 540, 'Kilogram', 2, 9, 5, '2023-11-15 04:43:35', '2023-11-15 04:43:35'),
(485, 540, 'Kilogram', 2, 10, 6, '2023-11-15 04:43:59', '2023-11-15 04:43:59'),
(486, 540, 'Kilogram', 2, 11, 4, '2023-11-15 04:44:14', '2023-11-15 04:44:14'),
(487, 540, 'Kilogram', 2, 12, 3, '2023-11-15 04:44:29', '2023-11-15 04:44:29'),
(488, 540, 'Kilogram', 2, 13, 4, '2023-11-15 04:44:44', '2023-11-15 04:44:44'),
(489, 540, 'Kilogram', 3, 1, 4, '2023-11-15 04:45:16', '2023-11-15 04:45:16'),
(490, 540, 'Kilogram', 3, 2, 5, '2023-11-15 04:45:30', '2023-11-15 04:45:30'),
(491, 540, 'Kilogram', 3, 3, 5, '2023-11-15 04:45:43', '2023-11-15 04:45:43'),
(492, 540, 'Kilogram', 3, 5, 4, '2023-11-15 04:45:59', '2023-11-15 04:45:59'),
(493, 540, 'Kilogram', 3, 6, 4, '2023-11-15 04:46:19', '2023-11-15 04:46:19'),
(494, 540, 'Kilogram', 3, 7, 5, '2023-11-15 04:46:36', '2023-11-15 04:46:36'),
(495, 540, 'Kilogram', 3, 8, 5, '2023-11-15 04:46:53', '2023-11-15 04:46:53'),
(496, 540, 'Kilogram', 3, 9, 5, '2023-11-15 04:47:10', '2023-11-15 04:47:10'),
(497, 540, 'Kilogram', 3, 10, 6, '2023-11-15 04:47:30', '2023-11-15 04:47:30'),
(498, 540, 'Kilogram', 3, 11, 4, '2023-11-15 04:47:45', '2023-11-15 04:47:45'),
(499, 540, 'Kilogram', 3, 12, 3, '2023-11-15 04:48:04', '2023-11-15 04:48:04'),
(500, 540, 'Kilogram', 3, 13, 4, '2023-11-15 04:48:23', '2023-11-15 04:48:23'),
(501, 540, 'Kilogram', 4, 1, 5, '2023-11-15 04:49:15', '2023-11-15 04:49:15'),
(502, 540, 'Kilogram', 4, 2, 5, '2023-11-15 04:49:32', '2023-11-15 04:49:32'),
(503, 540, 'Kilogram', 4, 3, 5, '2023-11-15 04:49:46', '2023-11-15 04:49:46'),
(504, 540, 'Kilogram', 4, 5, 20, '2023-11-15 04:50:03', '2023-11-15 04:50:03'),
(505, 540, 'Kilogram', 4, 6, 4, '2023-11-15 04:50:18', '2023-11-15 04:50:18'),
(506, 540, 'Kilogram', 4, 7, 5, '2023-11-15 04:50:40', '2023-11-15 04:50:40'),
(507, 540, 'Kilogram', 4, 8, 5, '2023-11-15 04:51:06', '2023-11-15 04:51:06'),
(508, 540, 'Kilogram', 4, 9, 10, '2023-11-15 04:51:27', '2023-11-15 04:51:27'),
(509, 540, 'Kilogram', 4, 10, 5, '2023-11-15 04:51:46', '2023-11-15 04:51:46'),
(510, 540, 'Kilogram', 4, 11, 10, '2023-11-15 04:52:00', '2023-11-15 04:52:00'),
(511, 540, 'Kilogram', 4, 12, 20, '2023-11-15 04:52:16', '2023-11-15 04:52:16'),
(512, 540, 'Kilogram', 4, 13, 20, '2023-11-15 04:52:32', '2023-11-15 04:52:32'),
(513, 540, 'Kilogram', 5, 1, 20, '2023-11-15 04:53:07', '2023-11-15 04:53:07'),
(514, 540, 'Kilogram', 5, 2, 15, '2023-11-15 04:53:24', '2023-11-15 04:53:24'),
(515, 540, 'Kilogram', 5, 3, 10, '2023-11-15 04:53:38', '2023-11-15 04:53:38'),
(516, 540, 'Kilogram', 5, 5, 20, '2023-11-15 04:54:05', '2023-11-15 04:54:05'),
(517, 540, 'Kilogram', 5, 6, 10, '2023-11-15 04:54:19', '2023-11-15 04:54:19'),
(518, 541, 'Kilogram', 2, 1, 5, '2023-11-15 04:54:44', '2023-11-15 04:54:44'),
(519, 541, 'Kilogram', 2, 2, 5, '2023-11-15 04:55:22', '2023-11-15 04:55:22'),
(520, 541, 'Kilogram', 2, 3, 5, '2023-11-15 04:55:36', '2023-11-15 04:55:36'),
(521, 541, 'Kilogram', 2, 5, 4, '2023-11-15 04:55:56', '2023-11-15 04:55:56'),
(522, 541, 'Kilogram', 2, 6, 4, '2023-11-15 04:56:12', '2023-11-15 04:56:12'),
(523, 541, 'Kilogram', 2, 7, 5, '2023-11-15 04:56:25', '2023-11-15 04:56:25'),
(524, 541, 'Kilogram', 2, 8, 5, '2023-11-15 04:56:43', '2023-11-15 04:56:43'),
(525, 541, 'Kilogram', 2, 9, 5, '2023-11-15 04:56:57', '2023-11-15 04:56:57'),
(526, 541, 'Kilogram', 2, 10, 3, '2023-11-15 04:57:14', '2023-11-15 04:57:14'),
(527, 541, 'Kilogram', 2, 11, 4, '2023-11-15 04:57:30', '2023-11-15 04:57:30'),
(528, 541, 'Kilogram', 2, 12, 5, '2023-11-15 04:57:49', '2023-11-15 04:57:49'),
(529, 541, 'Kilogram', 2, 13, 5, '2023-11-15 04:58:03', '2023-11-15 04:58:03'),
(530, 541, 'Kilogram', 3, 1, 5, '2023-11-15 04:58:30', '2023-11-15 04:58:30'),
(531, 541, 'Kilogram', 3, 2, 5, '2023-11-15 04:58:47', '2023-11-15 04:58:47'),
(532, 541, 'Kilogram', 3, 3, 5, '2023-11-15 04:59:10', '2023-11-15 04:59:10'),
(533, 541, 'Kilogram', 3, 5, 4, '2023-11-15 04:59:25', '2023-11-15 04:59:25'),
(534, 541, 'Kilogram', 3, 6, 4, '2023-11-15 04:59:40', '2023-11-15 04:59:40'),
(535, 541, 'Kilogram', 3, 7, 5, '2023-11-15 04:59:54', '2023-11-15 04:59:54'),
(536, 541, 'Kilogram', 3, 8, 5, '2023-11-15 05:00:15', '2023-11-15 05:00:15'),
(537, 541, 'Kilogram', 3, 9, 5, '2023-11-15 05:00:31', '2023-11-15 05:00:31'),
(538, 541, 'Kilogram', 3, 10, 3, '2023-11-15 05:00:44', '2023-11-15 05:00:44'),
(539, 541, 'Kilogram', 3, 11, 4, '2023-11-15 05:00:59', '2023-11-15 05:00:59'),
(540, 541, 'Kilogram', 3, 12, 5, '2023-11-15 05:01:13', '2023-11-15 05:01:13'),
(541, 541, 'Kilogram', 3, 13, 5, '2023-11-15 05:01:34', '2023-11-15 05:01:34'),
(542, 541, 'Kilogram', 4, 1, 5, '2023-11-15 05:01:54', '2023-11-15 05:01:54'),
(543, 541, 'Kilogram', 4, 2, 5, '2023-11-15 05:02:08', '2023-11-15 05:02:08'),
(544, 541, 'Kilogram', 4, 3, 5, '2023-11-15 05:02:24', '2023-11-15 05:02:24'),
(545, 541, 'Kilogram', 4, 5, 4, '2023-11-15 05:02:40', '2023-11-15 05:02:40'),
(546, 541, 'Kilogram', 4, 6, 3, '2023-11-15 05:03:11', '2023-11-15 05:03:11'),
(547, 541, 'Kilogram', 4, 7, 10, '2023-11-15 05:03:27', '2023-11-15 05:03:27'),
(548, 541, 'Kilogram', 4, 8, 4, '2023-11-15 05:03:40', '2023-11-15 05:03:40'),
(549, 541, 'Kilogram', 4, 9, 5, '2023-11-15 05:03:58', '2023-11-15 05:03:58'),
(550, 541, 'Kilogram', 4, 10, 3, '2023-11-15 05:04:15', '2023-11-15 05:04:15'),
(551, 541, 'Kilogram', 4, 11, 4, '2023-11-15 05:04:29', '2023-11-15 05:04:29'),
(552, 541, 'Kilogram', 4, 12, 7, '2023-11-15 05:04:43', '2023-11-15 05:04:43'),
(553, 541, 'Kilogram', 4, 13, 10, '2023-11-15 05:05:00', '2023-11-15 05:05:00'),
(554, 541, 'Kilogram', 5, 1, 15, '2023-11-15 05:05:16', '2023-11-15 05:05:16'),
(555, 541, 'Kilogram', 5, 2, 10, '2023-11-15 05:05:37', '2023-11-15 05:05:37'),
(556, 541, 'Kilogram', 5, 3, 7, '2023-11-15 05:05:53', '2023-11-15 05:05:53'),
(557, 541, 'Kilogram', 5, 5, 20, '2023-11-15 05:06:11', '2023-11-15 05:06:11'),
(558, 541, 'Kilogram', 5, 6, 20, '2023-11-15 05:06:28', '2023-11-15 05:06:28'),
(559, 542, 'gram', 2, 1, 10, '2023-11-15 05:08:37', '2023-11-15 05:08:37'),
(560, 542, 'gram', 2, 2, 10, '2023-11-15 05:08:54', '2023-11-15 05:08:54'),
(561, 542, 'gram', 2, 3, 10, '2023-11-15 05:09:12', '2023-11-15 05:09:12'),
(562, 542, 'gram', 2, 5, 20, '2023-11-15 05:09:29', '2023-11-15 05:09:29'),
(563, 542, 'gram', 2, 6, 20, '2023-11-15 05:09:40', '2023-11-15 05:09:40'),
(564, 542, 'gram', 2, 7, 15, '2023-11-15 05:10:14', '2023-11-15 05:10:14'),
(565, 542, 'gram', 2, 8, 10, '2023-11-15 05:10:30', '2023-11-15 05:10:30'),
(566, 542, 'gram', 2, 9, 10, '2023-11-15 05:10:44', '2023-11-15 05:10:44'),
(567, 542, 'gram', 2, 10, 10, '2023-11-15 05:10:58', '2023-11-15 05:10:58'),
(568, 542, 'gram', 2, 11, 15, '2023-11-15 05:11:16', '2023-11-15 05:11:16'),
(569, 542, 'gram', 2, 12, 15, '2023-11-15 05:11:34', '2023-11-15 05:11:34'),
(570, 542, 'gram', 2, 13, 15, '2023-11-15 05:11:50', '2023-11-15 05:11:50'),
(571, 542, 'gram', 3, 1, 40, '2023-11-15 05:12:16', '2023-11-15 05:12:16'),
(572, 542, 'gram', 3, 2, 20, '2023-11-15 05:12:33', '2023-11-15 05:12:33'),
(573, 542, 'gram', 3, 3, 20, '2023-11-15 05:12:49', '2023-11-15 05:12:49'),
(574, 542, 'gram', 3, 5, 20, '2023-11-15 05:13:09', '2023-11-15 05:13:09'),
(575, 542, 'gram', 3, 6, 40, '2023-11-15 05:14:06', '2023-11-15 05:14:06'),
(576, 542, 'gram', 3, 7, 40, '2023-11-15 05:14:36', '2023-11-15 05:14:36'),
(577, 542, 'gram', 3, 8, 20, '2023-11-15 05:15:02', '2023-11-15 05:15:02'),
(578, 542, 'gram', 3, 9, 20, '2023-11-15 05:15:18', '2023-11-15 05:15:18'),
(579, 542, 'gram', 3, 10, 20, '2023-11-15 05:15:34', '2023-11-15 05:15:34'),
(580, 542, 'gram', 3, 11, 20, '2023-11-15 05:15:47', '2023-11-15 05:15:47'),
(581, 542, 'gram', 3, 12, 20, '2023-11-15 05:16:04', '2023-11-15 05:16:04'),
(582, 542, 'gram', 3, 13, 40, '2023-11-15 05:16:22', '2023-11-15 05:16:22'),
(583, 542, 'gram', 4, 1, 40, '2023-11-15 05:16:43', '2023-11-15 05:16:43'),
(584, 542, 'gram', 4, 2, 40, '2023-11-15 05:17:00', '2023-11-15 05:17:00'),
(585, 542, 'gram', 4, 3, 40, '2023-11-15 05:17:33', '2023-11-15 05:17:33'),
(586, 542, 'gram', 4, 5, 40, '2023-11-15 05:17:53', '2023-11-15 05:17:53'),
(587, 542, 'gram', 4, 6, 40, '2023-11-15 05:18:09', '2023-11-15 05:18:09'),
(588, 542, 'gram', 4, 7, 35, '2023-11-15 05:18:37', '2023-11-15 05:18:37'),
(589, 542, 'gram', 4, 8, 35, '2023-11-15 05:18:54', '2023-11-15 05:18:54'),
(590, 542, 'gram', 4, 9, 40, '2023-11-15 05:19:13', '2023-11-15 05:19:13'),
(591, 542, 'gram', 4, 10, 40, '2023-11-15 05:19:28', '2023-11-15 05:19:28'),
(592, 542, 'gram', 4, 11, 35, '2023-11-15 05:19:45', '2023-11-15 05:19:45'),
(593, 542, 'gram', 4, 12, 40, '2023-11-15 05:20:05', '2023-11-15 05:20:05'),
(594, 542, 'gram', 4, 13, 80, '2023-11-15 05:20:23', '2023-11-15 05:20:23'),
(595, 542, 'gram', 5, 1, 40, '2023-11-15 05:20:50', '2023-11-15 05:20:50'),
(596, 542, 'gram', 5, 2, 40, '2023-11-15 05:21:41', '2023-11-15 05:21:41'),
(597, 542, 'gram', 5, 3, 40, '2023-11-15 05:21:58', '2023-11-15 05:21:58'),
(598, 542, 'gram', 5, 5, 80, '2023-11-15 05:22:14', '2023-11-15 05:22:14'),
(599, 542, 'gram', 5, 6, 80, '2023-11-15 05:22:30', '2023-11-15 05:22:30'),
(600, 543, 'Kilogram', 2, 1, 10, '2023-11-15 05:23:15', '2023-11-15 05:23:15'),
(601, 543, 'Kilogram', 2, 2, 5, '2023-11-15 05:23:34', '2023-11-15 05:23:34'),
(602, 543, 'Kilogram', 2, 3, 4, '2023-11-15 05:23:50', '2023-11-15 05:23:50'),
(603, 543, 'Kilogram', 2, 5, 15, '2023-11-15 05:24:12', '2023-11-15 05:24:12'),
(604, 543, 'Kilogram', 2, 6, 8, '2023-11-15 05:24:29', '2023-11-15 05:24:29'),
(605, 543, 'Kilogram', 2, 7, 10, '2023-11-15 05:24:45', '2023-11-15 05:24:45'),
(606, 543, 'Kilogram', 2, 8, 5, '2023-11-15 05:25:01', '2023-11-15 05:25:01'),
(607, 543, 'Kilogram', 2, 9, 4, '2023-11-15 05:25:17', '2023-11-15 05:25:17'),
(608, 543, 'Kilogram', 2, 10, 15, '2023-11-15 05:25:33', '2023-11-15 05:25:33'),
(609, 543, 'Kilogram', 2, 11, 8, '2023-11-15 05:25:51', '2023-11-15 05:25:51'),
(610, 543, 'Kilogram', 2, 12, 10, '2023-11-15 05:26:04', '2023-11-15 05:26:04'),
(611, 543, 'Kilogram', 2, 13, 10, '2023-11-15 05:26:19', '2023-11-15 05:26:19'),
(612, 543, 'Kilogram', 3, 1, 10, '2023-11-15 05:26:40', '2023-11-15 05:26:40'),
(613, 543, 'Kilogram', 3, 2, 5, '2023-11-15 05:26:58', '2023-11-15 05:26:58'),
(614, 543, 'Kilogram', 3, 3, 4, '2023-11-15 05:27:16', '2023-11-15 05:27:16'),
(615, 543, 'Kilogram', 3, 5, 15, '2023-11-15 05:27:36', '2023-11-15 05:27:36'),
(616, 543, 'Kilogram', 3, 6, 8, '2023-11-15 05:27:52', '2023-11-15 05:27:52'),
(617, 543, 'Kilogram', 3, 7, 10, '2023-11-15 05:28:11', '2023-11-15 05:28:11'),
(618, 543, 'Kilogram', 3, 8, 5, '2023-11-15 05:28:28', '2023-11-15 05:28:28'),
(619, 543, 'Kilogram', 3, 9, 4, '2023-11-15 05:28:42', '2023-11-15 05:28:42'),
(620, 543, 'Kilogram', 3, 10, 15, '2023-11-15 05:28:58', '2023-11-15 05:28:58'),
(621, 543, 'Kilogram', 3, 11, 8, '2023-11-15 05:29:13', '2023-11-15 05:29:13'),
(622, 543, 'Kilogram', 3, 12, 10, '2023-11-15 05:29:29', '2023-11-15 05:29:29'),
(623, 543, 'Kilogram', 3, 13, 10, '2023-11-15 05:29:43', '2023-11-15 05:29:43'),
(624, 543, 'Kilogram', 4, 1, 10, '2023-11-15 05:30:06', '2023-11-15 05:30:06'),
(625, 543, 'Kilogram', 4, 2, 5, '2023-11-15 05:30:28', '2023-11-15 05:30:28'),
(626, 543, 'Kilogram', 4, 3, 4, '2023-11-15 05:30:44', '2023-11-15 05:30:44'),
(627, 543, 'Kilogram', 4, 5, 15, '2023-11-15 05:31:03', '2023-11-15 05:31:03'),
(628, 543, 'Kilogram', 4, 6, 8, '2023-11-15 05:31:19', '2023-11-15 05:31:19'),
(629, 543, 'Kilogram', 4, 7, 10, '2023-11-15 05:31:37', '2023-11-15 05:31:37'),
(630, 543, 'Kilogram', 4, 8, 5, '2023-11-15 05:31:54', '2023-11-15 05:31:54'),
(631, 543, 'Kilogram', 4, 9, 4, '2023-11-15 05:32:12', '2023-11-15 05:32:12'),
(632, 543, 'Kilogram', 4, 10, 15, '2023-11-15 05:32:33', '2023-11-15 05:32:33'),
(633, 543, 'Kilogram', 4, 11, 8, '2023-11-15 05:32:51', '2023-11-15 05:32:51'),
(634, 543, 'Kilogram', 4, 12, 10, '2023-11-15 05:33:09', '2023-11-15 05:33:09'),
(635, 543, 'Kilogram', 4, 13, 10, '2023-11-15 05:33:24', '2023-11-15 05:33:24'),
(636, 543, 'Kilogram', 5, 1, 10, '2023-11-15 05:33:49', '2023-11-15 05:33:49'),
(637, 543, 'Kilogram', 5, 2, 5, '2023-11-15 05:34:08', '2023-11-15 05:34:08'),
(638, 543, 'Kilogram', 5, 3, 4, '2023-11-15 05:34:31', '2023-11-15 05:34:31'),
(639, 543, 'Kilogram', 5, 5, 15, '2023-11-15 05:34:49', '2023-11-15 05:34:49'),
(640, 543, 'Kilogram', 5, 6, 8, '2023-11-15 05:35:05', '2023-11-15 05:35:05'),
(641, 544, 'Kilogram', 2, 1, 10, '2023-11-15 05:37:37', '2023-11-15 05:37:37'),
(642, 544, 'Kilogram', 2, 2, 5, '2023-11-15 05:38:14', '2023-11-15 05:38:14'),
(643, 544, 'Kilogram', 2, 3, 5, '2023-11-15 05:38:42', '2023-11-15 05:38:42'),
(644, 544, 'Kilogram', 2, 5, 10, '2023-11-15 05:39:01', '2023-11-15 05:39:01'),
(645, 544, 'Kilogram', 2, 6, 10, '2023-11-15 05:39:28', '2023-11-15 05:39:28'),
(646, 544, 'Kilogram', 2, 7, 10, '2023-11-15 05:40:00', '2023-11-15 05:40:00'),
(647, 544, 'Kilogram', 2, 8, 5, '2023-11-15 05:42:41', '2023-11-15 05:42:41'),
(648, 544, 'Kilogram', 2, 9, 5, '2023-11-15 05:42:56', '2023-11-15 05:42:56'),
(649, 544, 'Kilogram', 2, 10, 10, '2023-11-15 05:43:18', '2023-11-15 05:43:18'),
(650, 544, 'Kilogram', 2, 11, 10, '2023-11-15 05:43:33', '2023-11-15 05:43:33'),
(651, 544, 'Kilogram', 2, 12, 10, '2023-11-15 05:43:49', '2023-11-15 05:43:49'),
(652, 544, 'Kilogram', 2, 13, 10, '2023-11-15 05:44:06', '2023-11-15 05:44:06'),
(653, 544, 'Kilogram', 3, 1, 10, '2023-11-15 05:45:14', '2023-11-15 05:45:14'),
(654, 544, 'Kilogram', 3, 2, 5, '2023-11-15 05:45:36', '2023-11-15 05:45:36'),
(655, 544, 'Kilogram', 3, 3, 5, '2023-11-15 05:45:51', '2023-11-15 05:45:51'),
(656, 544, 'Kilogram', 3, 5, 10, '2023-11-15 05:46:08', '2023-11-15 05:46:08'),
(657, 544, 'Kilogram', 3, 6, 10, '2023-11-15 05:46:23', '2023-11-15 05:46:23'),
(658, 544, 'Kilogram', 3, 7, 10, '2023-11-15 05:46:39', '2023-11-15 05:46:39'),
(659, 544, 'Kilogram', 3, 8, 5, '2023-11-15 05:46:57', '2023-11-15 05:46:57'),
(660, 544, 'Kilogram', 3, 9, 5, '2023-11-15 05:47:13', '2023-11-15 05:47:13'),
(661, 544, 'Kilogram', 3, 10, 10, '2023-11-15 05:47:30', '2023-11-15 05:47:30'),
(662, 544, 'Kilogram', 3, 11, 10, '2023-11-15 05:47:49', '2023-11-15 05:47:49'),
(663, 544, 'Kilogram', 3, 12, 10, '2023-11-15 05:48:05', '2023-11-15 05:48:05'),
(664, 544, 'Kilogram', 3, 13, 10, '2023-11-15 05:48:22', '2023-11-15 05:48:22'),
(665, 544, 'Kilogram', 4, 1, 10, '2023-11-15 05:49:23', '2023-11-15 05:49:23'),
(666, 544, 'Kilogram', 4, 2, 5, '2023-11-15 05:49:46', '2023-11-15 05:49:46'),
(667, 544, 'Kilogram', 4, 3, 5, '2023-11-15 05:50:01', '2023-11-15 05:50:01'),
(668, 544, 'Kilogram', 4, 5, 10, '2023-11-15 05:50:17', '2023-11-15 05:50:17'),
(669, 544, 'Kilogram', 4, 6, 10, '2023-11-15 05:50:30', '2023-11-15 05:50:30'),
(670, 544, 'Kilogram', 4, 7, 10, '2023-11-15 05:50:45', '2023-11-15 05:50:45'),
(671, 544, 'Kilogram', 4, 8, 5, '2023-11-15 05:51:01', '2023-11-15 05:51:01'),
(672, 544, 'Kilogram', 4, 9, 5, '2023-11-15 05:51:42', '2023-11-15 05:51:42'),
(673, 544, 'Kilogram', 4, 10, 10, '2023-11-15 05:51:58', '2023-11-15 05:51:58'),
(674, 544, 'Kilogram', 4, 11, 10, '2023-11-15 05:52:18', '2023-11-15 05:52:18'),
(675, 544, 'Kilogram', 4, 12, 10, '2023-11-15 05:52:54', '2023-11-15 05:52:54'),
(676, 544, 'Kilogram', 4, 13, 10, '2023-11-15 05:53:14', '2023-11-15 05:53:14'),
(677, 544, 'Kilogram', 5, 1, 10, '2023-11-15 05:53:58', '2023-11-15 05:53:58'),
(678, 544, 'Kilogram', 5, 2, 5, '2023-11-15 05:54:13', '2023-11-15 05:54:13'),
(679, 544, 'Kilogram', 5, 3, 5, '2023-11-15 05:54:37', '2023-11-15 05:54:37'),
(680, 544, 'Kilogram', 5, 5, 10, '2023-11-15 05:55:03', '2023-11-15 05:55:03'),
(681, 544, 'Kilogram', 5, 6, 10, '2023-11-15 05:55:18', '2023-11-15 05:55:18'),
(682, 545, 'Kilogram', 2, 1, 20, '2023-11-15 05:55:44', '2023-11-15 05:55:44'),
(683, 545, 'Kilogram', 2, 2, 25, '2023-11-15 05:56:07', '2023-11-15 05:56:07'),
(684, 545, 'Kilogram', 2, 3, 25, '2023-11-15 05:56:22', '2023-11-15 05:56:22'),
(685, 545, 'Kilogram', 2, 5, 30, '2023-11-15 05:56:42', '2023-11-15 05:56:42'),
(686, 545, 'Kilogram', 2, 6, 35, '2023-11-15 05:57:08', '2023-11-15 05:58:35'),
(687, 545, 'Kilogram', 2, 7, 20, '2023-11-15 05:57:25', '2023-11-15 05:59:20'),
(688, 545, 'Kilogram', 2, 8, 25, '2023-11-15 05:57:42', '2023-11-15 05:59:40'),
(689, 545, 'Kilogram', 2, 9, 25, '2023-11-15 05:59:52', '2023-11-15 05:59:52'),
(690, 545, 'Kilogram', 2, 10, 30, '2023-11-15 06:00:17', '2023-11-15 06:00:17'),
(691, 545, 'Kilogram', 2, 11, 35, '2023-11-15 06:00:33', '2023-11-15 06:00:33'),
(692, 545, 'Kilogram', 2, 12, 25, '2023-11-15 06:00:53', '2023-11-15 06:00:53'),
(693, 545, 'Kilogram', 2, 13, 30, '2023-11-15 06:01:08', '2023-11-15 06:01:08'),
(694, 545, 'Kilogram', 3, 1, 20, '2023-11-15 06:01:31', '2023-11-15 06:01:31'),
(695, 545, 'Kilogram', 3, 2, 25, '2023-11-15 06:01:46', '2023-11-15 06:01:46'),
(696, 545, 'Kilogram', 3, 3, 25, '2023-11-15 06:02:00', '2023-11-15 06:02:00'),
(697, 545, 'Kilogram', 3, 5, 30, '2023-11-15 06:02:16', '2023-11-15 06:02:16'),
(698, 545, 'Kilogram', 3, 6, 35, '2023-11-15 06:02:34', '2023-11-15 06:02:34'),
(699, 545, 'Kilogram', 3, 7, 20, '2023-11-15 06:02:55', '2023-11-15 06:02:55'),
(700, 545, 'Kilogram', 3, 8, 25, '2023-11-15 06:03:11', '2023-11-15 06:03:11'),
(701, 545, 'Kilogram', 3, 9, 25, '2023-11-15 06:03:26', '2023-11-15 06:03:26'),
(702, 545, 'Kilogram', 3, 10, 30, '2023-11-15 06:03:48', '2023-11-15 06:03:48'),
(703, 545, 'Kilogram', 3, 11, 35, '2023-11-15 06:04:12', '2023-11-15 06:04:12'),
(704, 545, 'Kilogram', 3, 12, 25, '2023-11-15 06:04:32', '2023-11-15 06:04:32'),
(705, 545, 'Kilogram', 3, 13, 30, '2023-11-15 06:04:49', '2023-11-15 06:04:49'),
(706, 545, 'Kilogram', 4, 1, 20, '2023-11-15 06:07:28', '2023-11-15 06:07:28'),
(707, 545, 'Kilogram', 4, 2, 25, '2023-11-15 06:07:44', '2023-11-15 06:07:44'),
(708, 545, 'Kilogram', 4, 3, 25, '2023-11-15 06:08:00', '2023-11-15 06:08:00'),
(709, 545, 'Kilogram', 4, 5, 30, '2023-11-15 06:08:19', '2023-11-15 06:08:19'),
(710, 545, 'Kilogram', 4, 6, 35, '2023-11-15 06:08:50', '2023-11-15 06:08:50'),
(711, 545, 'Kilogram', 4, 7, 20, '2023-11-15 06:09:16', '2023-11-15 06:09:16');
INSERT INTO `barang_tahun_bulan` (`id`, `barang_id`, `satuan`, `tahun_id`, `bulan_id`, `jumlah`, `created_at`, `updated_at`) VALUES
(712, 545, 'Kilogram', 4, 8, 25, '2023-11-15 06:09:57', '2023-11-15 06:09:57'),
(713, 545, 'Kilogram', 4, 9, 25, '2023-11-15 06:10:24', '2023-11-15 06:10:24'),
(714, 545, 'Kilogram', 4, 10, 30, '2023-11-15 06:10:41', '2023-11-15 06:10:41'),
(715, 545, 'Kilogram', 4, 11, 35, '2023-11-15 06:11:00', '2023-11-15 06:11:00'),
(716, 545, 'Kilogram', 4, 12, 25, '2023-11-15 06:11:17', '2023-11-15 06:11:17'),
(717, 545, 'Kilogram', 4, 13, 30, '2023-11-15 06:11:32', '2023-11-15 06:11:32'),
(718, 545, 'Kilogram', 5, 1, 20, '2023-11-15 06:11:56', '2023-11-15 06:11:56'),
(719, 545, 'Kilogram', 5, 3, 25, '2023-11-15 06:12:10', '2023-11-15 06:12:10'),
(720, 545, 'Kilogram', 5, 5, 30, '2023-11-15 06:12:25', '2023-11-15 06:12:25'),
(721, 545, 'Kilogram', 5, 6, 35, '2023-11-15 06:12:42', '2023-11-15 06:12:42'),
(722, 546, 'Kilogram', 2, 1, 10, '2023-11-15 06:13:24', '2023-11-15 06:13:24'),
(723, 546, 'Kilogram', 2, 2, 10, '2023-11-15 06:14:00', '2023-11-15 06:14:00'),
(724, 546, 'Kilogram', 2, 3, 5, '2023-11-15 06:14:34', '2023-11-15 06:14:34'),
(725, 546, 'Kilogram', 2, 5, 5, '2023-11-15 06:14:51', '2023-11-15 06:14:51'),
(726, 546, 'Kilogram', 2, 6, 5, '2023-11-15 06:15:07', '2023-11-15 06:15:07'),
(727, 546, 'Kilogram', 2, 7, 10, '2023-11-15 06:15:27', '2023-11-15 06:15:27'),
(728, 546, 'Kilogram', 2, 8, 10, '2023-11-15 06:15:44', '2023-11-15 06:15:44'),
(729, 546, 'Kilogram', 2, 9, 5, '2023-11-15 06:15:59', '2023-11-15 06:15:59'),
(730, 546, 'Kilogram', 2, 10, 5, '2023-11-15 06:16:14', '2023-11-15 06:16:14'),
(731, 546, 'Kilogram', 2, 11, 5, '2023-11-15 06:16:31', '2023-11-15 06:16:31'),
(732, 546, 'Kilogram', 2, 12, 5, '2023-11-15 06:16:47', '2023-11-15 06:16:47'),
(733, 546, 'Kilogram', 2, 13, 5, '2023-11-15 06:17:06', '2023-11-15 06:17:06'),
(734, 546, 'Kilogram', 3, 1, 10, '2023-11-15 06:17:46', '2023-11-15 06:17:46'),
(735, 546, 'Kilogram', 3, 2, 10, '2023-11-15 06:18:00', '2023-11-15 06:18:00'),
(736, 546, 'Kilogram', 3, 3, 5, '2023-11-15 06:18:18', '2023-11-15 06:18:18'),
(737, 546, 'Kilogram', 3, 5, 5, '2023-11-15 06:18:45', '2023-11-15 06:18:45'),
(738, 546, 'Kilogram', 3, 6, 5, '2023-11-15 06:19:05', '2023-11-15 06:19:05'),
(739, 546, 'Kilogram', 3, 7, 10, '2023-11-15 06:19:21', '2023-11-15 06:19:21'),
(740, 546, 'Kilogram', 3, 8, 10, '2023-11-15 06:19:37', '2023-11-15 06:19:37'),
(741, 546, 'Kilogram', 3, 9, 5, '2023-11-15 06:20:32', '2023-11-15 06:20:32'),
(742, 546, 'Kilogram', 3, 10, 5, '2023-11-15 06:20:51', '2023-11-15 06:20:51'),
(743, 546, 'Kilogram', 3, 11, 5, '2023-11-15 06:21:07', '2023-11-15 06:21:07'),
(744, 546, 'Kilogram', 3, 12, 5, '2023-11-15 06:21:25', '2023-11-15 06:21:25'),
(745, 546, 'Kilogram', 3, 13, 5, '2023-11-15 06:21:40', '2023-11-15 06:21:40'),
(746, 546, 'Kilogram', 4, 1, 10, '2023-11-15 06:22:04', '2023-11-15 06:22:04'),
(747, 546, 'Kilogram', 4, 2, 10, '2023-11-15 06:22:21', '2023-11-15 06:22:21'),
(748, 546, 'Kilogram', 4, 3, 5, '2023-11-15 06:22:38', '2023-11-15 06:22:38'),
(749, 546, 'Kilogram', 4, 5, 5, '2023-11-15 06:22:50', '2023-11-15 06:22:50'),
(750, 546, 'Kilogram', 4, 6, 5, '2023-11-15 06:23:06', '2023-11-15 06:23:06'),
(751, 546, 'Kilogram', 4, 7, 10, '2023-11-15 06:23:21', '2023-11-15 06:23:21'),
(752, 546, 'Kilogram', 4, 8, 10, '2023-11-15 06:23:38', '2023-11-15 06:23:38'),
(753, 546, 'Kilogram', 4, 9, 5, '2023-11-15 06:23:53', '2023-11-15 06:23:53'),
(754, 546, 'Kilogram', 4, 10, 5, '2023-11-15 06:24:07', '2023-11-15 06:24:07'),
(755, 546, 'Kilogram', 4, 11, 5, '2023-11-15 06:24:22', '2023-11-15 06:24:22'),
(756, 546, 'Kilogram', 4, 12, 5, '2023-11-15 06:24:37', '2023-11-15 06:24:37'),
(757, 546, 'Kilogram', 4, 13, 5, '2023-11-15 06:24:55', '2023-11-15 06:24:55'),
(758, 546, 'Kilogram', 5, 1, 10, '2023-11-15 06:25:18', '2023-11-15 06:25:18'),
(759, 546, 'Kilogram', 5, 2, 10, '2023-11-15 06:25:35', '2023-11-15 06:25:35'),
(760, 546, 'Kilogram', 5, 3, 5, '2023-11-15 06:25:50', '2023-11-15 06:25:50'),
(762, 546, 'Kilogram', 5, 5, 5, '2023-11-15 06:26:50', '2023-11-15 06:26:50'),
(763, 546, 'Kilogram', 5, 6, 5, '2023-11-15 06:27:47', '2023-11-15 06:27:47'),
(764, 547, 'Kilogram', 2, 1, 20, '2023-11-15 07:16:44', '2023-11-15 07:16:44'),
(765, 547, 'Kilogram', 2, 2, 20, '2023-11-15 07:17:05', '2023-11-15 07:17:05'),
(766, 547, 'Kilogram', 2, 3, 20, '2023-11-15 07:17:24', '2023-11-15 07:17:24'),
(767, 547, 'Kilogram', 2, 5, 40, '2023-11-15 07:17:41', '2023-11-15 07:17:41'),
(768, 547, 'Kilogram', 2, 6, 20, '2023-11-15 07:17:57', '2023-11-15 07:17:57'),
(769, 547, 'Kilogram', 2, 7, 20, '2023-11-15 07:18:20', '2023-11-15 07:18:20'),
(770, 547, 'Kilogram', 2, 8, 20, '2023-11-15 07:19:01', '2023-11-15 07:19:01'),
(771, 547, 'Kilogram', 2, 9, 20, '2023-11-15 07:19:13', '2023-11-15 07:19:13'),
(772, 547, 'Kilogram', 2, 10, 20, '2023-11-15 07:19:35', '2023-11-15 07:19:35'),
(773, 547, 'Kilogram', 2, 11, 20, '2023-11-15 07:19:50', '2023-11-15 07:19:50'),
(774, 547, 'Kilogram', 2, 12, 30, '2023-11-15 07:20:05', '2023-11-15 07:20:05'),
(775, 547, 'Kilogram', 2, 13, 30, '2023-11-15 07:20:22', '2023-11-15 07:20:22'),
(776, 547, 'Kilogram', 3, 1, 20, '2023-11-15 07:20:55', '2023-11-15 07:20:55'),
(777, 547, 'Kilogram', 3, 2, 20, '2023-11-15 07:21:12', '2023-11-15 07:21:12'),
(778, 547, 'Kilogram', 3, 3, 20, '2023-11-15 07:21:28', '2023-11-15 07:21:28'),
(779, 547, 'Kilogram', 3, 5, 40, '2023-11-15 07:21:46', '2023-11-15 07:21:46'),
(780, 547, 'Kilogram', 3, 6, 20, '2023-11-15 07:22:02', '2023-11-15 07:22:02'),
(781, 547, 'Kilogram', 3, 7, 20, '2023-11-15 07:22:20', '2023-11-15 07:22:20'),
(782, 547, 'Kilogram', 3, 8, 20, '2023-11-15 07:22:34', '2023-11-15 07:22:34'),
(783, 547, 'Kilogram', 3, 9, 20, '2023-11-15 07:22:54', '2023-11-15 07:22:54'),
(784, 547, 'Kilogram', 3, 10, 20, '2023-11-15 07:23:10', '2023-11-15 07:23:10'),
(785, 547, 'Kilogram', 3, 11, 20, '2023-11-15 07:23:25', '2023-11-15 07:23:25'),
(786, 547, 'Kilogram', 3, 12, 30, '2023-11-15 07:23:39', '2023-11-15 07:23:39'),
(787, 547, 'Kilogram', 3, 13, 30, '2023-11-15 07:23:55', '2023-11-15 07:23:55'),
(788, 547, 'Kilogram', 4, 1, 20, '2023-11-15 07:24:20', '2023-11-15 07:24:20'),
(789, 547, 'Kilogram', 4, 2, 20, '2023-11-15 07:25:18', '2023-11-15 07:25:18'),
(790, 547, 'Kilogram', 4, 5, 40, '2023-11-15 07:25:42', '2023-11-15 07:25:42'),
(791, 547, 'Kilogram', 4, 6, 20, '2023-11-15 07:25:58', '2023-11-15 07:25:58'),
(792, 547, 'Kilogram', 4, 7, 20, '2023-11-15 07:26:20', '2023-11-15 07:26:20'),
(793, 547, 'Kilogram', 4, 8, 70, '2023-11-15 07:26:38', '2023-11-15 07:26:38'),
(794, 547, 'Kilogram', 4, 9, 20, '2023-11-15 07:26:56', '2023-11-15 07:26:56'),
(795, 547, 'Kilogram', 4, 10, 20, '2023-11-15 07:27:11', '2023-11-15 07:27:11'),
(796, 547, 'Kilogram', 4, 11, 20, '2023-11-15 07:27:32', '2023-11-15 07:27:32'),
(797, 547, 'Kilogram', 4, 12, 50, '2023-11-15 07:27:48', '2023-11-15 07:27:48'),
(798, 547, 'Kilogram', 4, 13, 50, '2023-11-15 07:28:04', '2023-11-15 07:28:04'),
(799, 547, 'Kilogram', 5, 1, 20, '2023-11-15 07:28:27', '2023-11-15 07:28:27'),
(800, 547, 'Kilogram', 5, 2, 20, '2023-11-15 07:28:42', '2023-11-15 07:28:42'),
(801, 547, 'Kilogram', 5, 3, 20, '2023-11-15 07:28:59', '2023-11-15 07:28:59'),
(802, 547, 'Kilogram', 5, 5, 20, '2023-11-15 07:29:15', '2023-11-15 07:29:15'),
(803, 547, 'Kilogram', 5, 6, 20, '2023-11-15 07:29:42', '2023-11-15 07:29:42'),
(804, 548, 'Kilogram', 2, 1, 10, '2023-11-15 07:30:08', '2023-11-15 07:30:08'),
(805, 548, 'Kilogram', 2, 2, 10, '2023-11-15 07:30:23', '2023-11-15 07:30:23'),
(806, 548, 'Kilogram', 2, 3, 10, '2023-11-15 07:30:41', '2023-11-15 07:30:41'),
(807, 548, 'Kilogram', 2, 5, 10, '2023-11-15 07:30:55', '2023-11-15 07:30:55'),
(808, 548, 'Kilogram', 2, 6, 10, '2023-11-15 07:31:59', '2023-11-15 07:31:59'),
(809, 548, 'Kilogram', 2, 7, 20, '2023-11-15 07:32:21', '2023-11-15 07:32:21'),
(810, 548, 'Kilogram', 2, 8, 20, '2023-11-15 07:32:35', '2023-11-15 07:32:35'),
(811, 548, 'Kilogram', 2, 9, 50, '2023-11-15 07:32:51', '2023-11-15 07:32:51'),
(812, 548, 'Kilogram', 2, 10, 50, '2023-11-15 07:33:06', '2023-11-15 07:33:06'),
(813, 548, 'Kilogram', 2, 11, 50, '2023-11-15 07:33:48', '2023-11-15 07:33:48'),
(814, 548, 'Kilogram', 2, 12, 50, '2023-11-15 07:34:41', '2023-11-15 07:34:41'),
(815, 548, 'Kilogram', 2, 13, 50, '2023-11-15 07:34:57', '2023-11-15 07:34:57'),
(816, 548, 'Kilogram', 3, 1, 10, '2023-11-15 07:35:45', '2023-11-15 07:35:45'),
(817, 548, 'Kilogram', 3, 2, 10, '2023-11-15 07:35:59', '2023-11-15 07:35:59'),
(818, 548, 'Kilogram', 3, 3, 10, '2023-11-15 07:36:16', '2023-11-15 07:36:16'),
(819, 548, 'Kilogram', 3, 5, 10, '2023-11-15 07:36:30', '2023-11-15 07:36:30'),
(820, 548, 'Kilogram', 3, 6, 10, '2023-11-15 07:36:48', '2023-11-15 07:36:48'),
(821, 548, 'Kilogram', 3, 7, 20, '2023-11-15 07:37:17', '2023-11-15 07:37:17'),
(822, 548, 'Kilogram', 3, 8, 20, '2023-11-15 07:37:33', '2023-11-15 07:37:33'),
(823, 548, 'Kilogram', 3, 9, 50, '2023-11-15 07:37:48', '2023-11-15 07:38:05'),
(824, 548, 'Kilogram', 3, 10, 50, '2023-11-15 07:38:22', '2023-11-15 07:38:22'),
(825, 548, 'Kilogram', 3, 11, 50, '2023-11-15 07:38:38', '2023-11-15 07:38:38'),
(826, 548, 'Kilogram', 3, 12, 50, '2023-11-15 07:38:57', '2023-11-15 07:38:57'),
(827, 548, 'Kilogram', 3, 13, 50, '2023-11-15 07:39:19', '2023-11-15 07:39:19'),
(828, 548, 'Kilogram', 4, 1, 10, '2023-11-15 07:39:41', '2023-11-15 07:39:41'),
(829, 548, 'Kilogram', 4, 2, 10, '2023-11-15 07:39:58', '2023-11-15 07:39:58'),
(830, 548, 'Kilogram', 4, 3, 10, '2023-11-15 07:40:13', '2023-11-15 07:40:13'),
(831, 548, 'Kilogram', 4, 5, 10, '2023-11-15 07:40:27', '2023-11-15 07:40:27'),
(832, 548, 'Kilogram', 4, 6, 10, '2023-11-15 07:40:42', '2023-11-15 07:40:42'),
(833, 548, 'Kilogram', 4, 7, 20, '2023-11-15 07:40:56', '2023-11-15 07:40:56'),
(834, 548, 'Kilogram', 4, 8, 20, '2023-11-15 07:41:11', '2023-11-15 07:41:11'),
(835, 548, 'Kilogram', 4, 9, 50, '2023-11-15 07:41:30', '2023-11-15 07:41:30'),
(836, 548, 'Kilogram', 4, 10, 50, '2023-11-15 07:41:45', '2023-11-15 07:41:45'),
(837, 548, 'Kilogram', 4, 11, 50, '2023-11-15 07:42:14', '2023-11-15 07:42:14'),
(838, 548, 'Kilogram', 4, 12, 50, '2023-11-15 07:42:32', '2023-11-15 07:42:32'),
(839, 548, 'Kilogram', 4, 13, 50, '2023-11-15 07:42:48', '2023-11-15 07:42:48'),
(840, 548, 'Kilogram', 5, 1, 10, '2023-11-15 07:43:05', '2023-11-15 07:43:05'),
(841, 548, 'Kilogram', 5, 2, 10, '2023-11-15 07:43:20', '2023-11-15 07:43:20'),
(842, 548, 'Kilogram', 5, 3, 10, '2023-11-15 07:43:35', '2023-11-15 07:43:35'),
(843, 548, 'Kilogram', 5, 5, 10, '2023-11-15 07:43:49', '2023-11-15 07:43:49'),
(844, 548, 'Kilogram', 5, 6, 10, '2023-11-15 07:44:03', '2023-11-15 07:44:03'),
(845, 549, 'Kilogram', 2, 1, 10, '2023-11-15 07:45:05', '2023-11-15 07:45:05'),
(846, 549, 'Kilogram', 2, 2, 10, '2023-11-15 07:45:29', '2023-11-15 07:45:29'),
(847, 549, 'Kilogram', 2, 3, 10, '2023-11-15 07:45:50', '2023-11-15 07:45:50'),
(848, 549, 'Kilogram', 2, 5, 10, '2023-11-15 07:46:05', '2023-11-15 07:46:05'),
(849, 549, 'Kilogram', 2, 6, 10, '2023-11-15 07:46:24', '2023-11-15 07:46:24'),
(850, 549, 'Kilogram', 2, 7, 10, '2023-11-15 07:46:39', '2023-11-15 07:46:39'),
(851, 549, 'Kilogram', 2, 8, 10, '2023-11-15 07:46:54', '2023-11-15 07:46:54'),
(852, 549, 'Kilogram', 2, 9, 10, '2023-11-15 07:48:44', '2023-11-15 07:48:44'),
(853, 549, 'Kilogram', 2, 10, 10, '2023-11-15 07:48:58', '2023-11-15 07:48:58'),
(854, 549, 'Kilogram', 2, 11, 10, '2023-11-15 07:49:19', '2023-11-15 07:49:19'),
(855, 549, 'Kilogram', 2, 12, 10, '2023-11-15 07:49:39', '2023-11-15 07:49:39'),
(856, 549, 'Kilogram', 2, 13, 10, '2023-11-15 07:49:54', '2023-11-15 07:49:54'),
(857, 549, 'Kilogram', 3, 1, 10, '2023-11-15 07:50:13', '2023-11-15 07:50:13'),
(858, 549, 'Kilogram', 3, 2, 10, '2023-11-15 07:56:51', '2023-11-15 07:56:51'),
(859, 549, 'Kilogram', 3, 3, 10, '2023-11-15 07:57:15', '2023-11-15 07:57:15'),
(860, 549, 'Kilogram', 3, 5, 10, '2023-11-15 07:57:33', '2023-11-15 07:57:33'),
(861, 549, 'Kilogram', 3, 6, 10, '2023-11-15 07:57:48', '2023-11-15 07:57:48'),
(862, 549, 'Kilogram', 3, 7, 10, '2023-11-15 07:58:04', '2023-11-15 07:58:04'),
(863, 549, 'Kilogram', 3, 8, 10, '2023-11-15 07:58:21', '2023-11-15 07:58:21'),
(864, 549, 'Kilogram', 3, 9, 10, '2023-11-15 07:58:36', '2023-11-15 07:58:36'),
(865, 549, 'Kilogram', 3, 10, 10, '2023-11-15 07:58:57', '2023-11-15 07:58:57'),
(866, 549, 'Kilogram', 3, 11, 10, '2023-11-15 07:59:18', '2023-11-15 07:59:18'),
(867, 549, 'Kilogram', 3, 12, 10, '2023-11-15 07:59:34', '2023-11-15 07:59:34'),
(868, 549, 'Kilogram', 3, 13, 10, '2023-11-15 07:59:50', '2023-11-15 07:59:50'),
(869, 549, 'Kilogram', 4, 1, 10, '2023-11-15 08:00:35', '2023-11-15 08:00:35'),
(870, 549, 'Kilogram', 4, 2, 10, '2023-11-15 08:00:52', '2023-11-15 08:00:52'),
(871, 549, 'Kilogram', 4, 3, 10, '2023-11-15 08:01:07', '2023-11-15 08:01:07'),
(872, 549, 'Kilogram', 4, 5, 10, '2023-11-15 08:01:23', '2023-11-15 08:01:23'),
(873, 549, 'Kilogram', 4, 6, 10, '2023-11-15 08:01:40', '2023-11-15 08:01:40'),
(874, 549, 'Kilogram', 4, 7, 10, '2023-11-15 08:01:58', '2023-11-15 08:01:58'),
(875, 549, 'Kilogram', 4, 8, 10, '2023-11-15 08:02:13', '2023-11-15 08:02:13'),
(876, 549, 'Kilogram', 4, 9, 10, '2023-11-15 08:02:29', '2023-11-15 08:02:29'),
(877, 549, 'Kilogram', 4, 10, 10, '2023-11-15 08:02:45', '2023-11-15 08:02:45'),
(878, 549, 'Kilogram', 4, 11, 10, '2023-11-15 08:03:37', '2023-11-15 08:03:37'),
(879, 549, 'Kilogram', 4, 12, 10, '2023-11-15 08:03:54', '2023-11-15 08:03:54'),
(880, 549, 'Kilogram', 4, 13, 10, '2023-11-15 08:04:09', '2023-11-15 08:04:09'),
(881, 549, 'Kilogram', 5, 1, 10, '2023-11-15 08:04:29', '2023-11-15 08:04:29'),
(882, 549, 'Kilogram', 5, 2, 10, '2023-11-15 08:04:46', '2023-11-15 08:04:46'),
(883, 549, 'Kilogram', 5, 3, 10, '2023-11-15 08:05:01', '2023-11-15 08:05:01'),
(884, 549, 'Kilogram', 5, 5, 10, '2023-11-15 08:05:17', '2023-11-15 08:05:17'),
(885, 549, 'Kilogram', 5, 13, 10, '2023-11-15 08:05:33', '2023-11-15 08:05:33'),
(886, 550, 'Kilogram', 2, 1, 5, '2023-11-15 08:06:27', '2023-11-15 08:06:27'),
(887, 550, 'Kilogram', 2, 2, 5, '2023-11-15 08:06:43', '2023-11-15 08:06:43'),
(888, 550, 'Kilogram', 2, 3, 10, '2023-11-15 08:07:01', '2023-11-15 08:07:01'),
(889, 550, 'Kilogram', 2, 5, 10, '2023-11-15 08:07:17', '2023-11-15 08:07:17'),
(890, 550, 'Kilogram', 2, 6, 10, '2023-11-15 08:08:06', '2023-11-15 08:08:06'),
(891, 550, 'Kilogram', 2, 7, 5, '2023-11-15 08:08:20', '2023-11-15 08:08:20'),
(892, 550, 'Kilogram', 2, 8, 5, '2023-11-15 08:08:33', '2023-11-15 08:08:33'),
(893, 550, 'Kilogram', 2, 9, 10, '2023-11-15 08:08:49', '2023-11-15 08:08:49'),
(894, 550, 'Kilogram', 2, 10, 10, '2023-11-15 08:09:05', '2023-11-15 08:09:05'),
(895, 550, 'Kilogram', 2, 11, 10, '2023-11-15 08:09:22', '2023-11-15 08:09:22'),
(896, 550, 'Kilogram', 2, 12, 30, '2023-11-15 08:09:38', '2023-11-15 08:09:38'),
(897, 550, 'Kilogram', 2, 13, 50, '2023-11-15 08:09:55', '2023-11-15 08:09:55'),
(898, 550, 'Kilogram', 3, 1, 5, '2023-11-15 10:23:56', '2023-11-15 10:23:56'),
(899, 550, 'Kilogram', 3, 2, 5, '2023-11-15 10:24:13', '2023-11-15 10:24:13'),
(900, 550, 'Kilogram', 3, 3, 10, '2023-11-15 10:24:30', '2023-11-15 10:24:30'),
(901, 550, 'Kilogram', 3, 5, 10, '2023-11-15 10:24:46', '2023-11-15 10:24:46'),
(902, 550, 'Kilogram', 3, 6, 10, '2023-11-15 10:25:04', '2023-11-15 10:25:04'),
(903, 550, 'Kilogram', 3, 7, 5, '2023-11-15 10:25:19', '2023-11-15 10:25:19'),
(904, 550, 'Kilogram', 3, 8, 5, '2023-11-15 10:25:36', '2023-11-15 10:25:36'),
(905, 550, 'Kilogram', 3, 9, 10, '2023-11-15 10:25:52', '2023-11-15 10:25:52'),
(906, 550, 'Kilogram', 3, 10, 10, '2023-11-15 10:26:08', '2023-11-15 10:26:08'),
(907, 550, 'Kilogram', 3, 11, 10, '2023-11-15 10:26:24', '2023-11-15 10:26:24'),
(908, 550, 'Kilogram', 3, 12, 30, '2023-11-15 10:26:41', '2023-11-15 10:26:41'),
(909, 550, 'Kilogram', 3, 13, 50, '2023-11-15 10:26:59', '2023-11-15 10:31:41'),
(910, 550, 'Kilogram', 4, 1, 5, '2023-11-15 10:27:21', '2023-11-15 10:27:21'),
(911, 550, 'Kilogram', 4, 2, 5, '2023-11-15 10:27:38', '2023-11-15 10:27:38'),
(912, 550, 'Kilogram', 4, 3, 10, '2023-11-15 10:28:02', '2023-11-15 10:28:02'),
(913, 550, 'Kilogram', 4, 5, 10, '2023-11-15 10:28:23', '2023-11-15 10:28:23'),
(914, 550, 'Kilogram', 4, 6, 10, '2023-11-15 10:28:53', '2023-11-15 10:28:53'),
(915, 550, 'Kilogram', 4, 7, 5, '2023-11-15 10:29:17', '2023-11-15 10:29:17'),
(916, 550, 'Kilogram', 4, 8, 5, '2023-11-15 10:29:44', '2023-11-15 10:29:44'),
(917, 550, 'Kilogram', 4, 9, 10, '2023-11-15 10:29:59', '2023-11-15 10:29:59'),
(918, 550, 'Kilogram', 4, 10, 10, '2023-11-15 10:30:20', '2023-11-15 10:30:20'),
(919, 550, 'Kilogram', 4, 11, 10, '2023-11-15 10:30:57', '2023-11-15 10:30:57'),
(920, 550, 'Kilogram', 4, 12, 30, '2023-11-15 10:32:15', '2023-11-15 10:32:15'),
(921, 550, 'Kilogram', 4, 13, 50, '2023-11-15 10:32:33', '2023-11-15 10:32:33'),
(922, 550, 'Kilogram', 5, 1, 5, '2023-11-15 10:33:01', '2023-11-15 10:33:01'),
(923, 550, 'Kilogram', 5, 2, 5, '2023-11-15 10:33:18', '2023-11-15 10:33:18'),
(924, 550, 'Kilogram', 5, 3, 10, '2023-11-15 10:33:39', '2023-11-15 10:33:39'),
(925, 550, 'Kilogram', 5, 5, 10, '2023-11-15 10:33:59', '2023-11-15 10:33:59'),
(926, 550, 'Kilogram', 5, 6, 10, '2023-11-15 10:34:16', '2023-11-15 10:34:16'),
(927, 551, 'Kilogram', 2, 1, 5, '2023-11-15 10:35:39', '2023-11-15 10:35:39'),
(928, 551, 'Kilogram', 2, 2, 10, '2023-11-15 10:35:56', '2023-11-15 10:35:56'),
(929, 551, 'Kilogram', 2, 3, 10, '2023-11-15 10:36:13', '2023-11-15 10:36:13'),
(930, 551, 'Kilogram', 2, 5, 15, '2023-11-15 10:36:31', '2023-11-15 10:36:31'),
(931, 551, 'Kilogram', 2, 6, 20, '2023-11-15 10:36:55', '2023-11-15 10:36:55'),
(932, 551, 'Kilogram', 2, 7, 5, '2023-11-15 10:37:12', '2023-11-15 10:37:12'),
(933, 551, 'Kilogram', 2, 8, 10, '2023-11-15 10:37:29', '2023-11-15 10:37:29'),
(934, 551, 'Kilogram', 2, 9, 10, '2023-11-15 10:37:44', '2023-11-15 10:37:44'),
(935, 551, 'Kilogram', 2, 10, 15, '2023-11-15 10:38:06', '2023-11-15 10:38:06'),
(936, 551, 'Kilogram', 2, 11, 20, '2023-11-15 10:38:23', '2023-11-15 10:38:23'),
(937, 551, 'Kilogram', 2, 12, 50, '2023-11-15 10:38:43', '2023-11-15 10:38:43'),
(938, 551, 'Kilogram', 2, 13, 50, '2023-11-15 10:39:06', '2023-11-15 10:39:06'),
(939, 551, 'Kilogram', 3, 1, 5, '2023-11-15 10:39:24', '2023-11-15 10:39:24'),
(940, 551, 'Kilogram', 3, 2, 10, '2023-11-15 10:39:44', '2023-11-15 10:39:44'),
(941, 551, 'Kilogram', 3, 5, 15, '2023-11-15 10:40:15', '2023-11-15 10:40:15'),
(942, 551, 'Kilogram', 3, 6, 20, '2023-11-15 10:40:41', '2023-11-15 10:40:41'),
(943, 551, 'Kilogram', 3, 7, 5, '2023-11-15 10:40:58', '2023-11-15 10:40:58'),
(944, 551, 'Kilogram', 3, 8, 10, '2023-11-15 10:41:21', '2023-11-15 10:41:21'),
(945, 551, 'Kilogram', 3, 9, 10, '2023-11-15 10:41:47', '2023-11-15 10:41:47'),
(946, 551, 'Kilogram', 3, 10, 15, '2023-11-15 10:42:07', '2023-11-15 10:42:07'),
(947, 551, 'Kilogram', 3, 11, 20, '2023-11-15 10:42:24', '2023-11-15 10:42:24'),
(948, 551, 'Kilogram', 3, 12, 50, '2023-11-15 10:42:46', '2023-11-15 10:42:46'),
(949, 551, 'Kilogram', 3, 13, 50, '2023-11-15 10:43:04', '2023-11-15 10:43:04'),
(950, 551, 'Kilogram', 4, 1, 5, '2023-11-15 10:43:27', '2023-11-15 10:43:27'),
(951, 551, 'Kilogram', 4, 2, 10, '2023-11-15 10:43:44', '2023-11-15 10:43:44'),
(952, 551, 'Kilogram', 4, 3, 10, '2023-11-15 10:44:00', '2023-11-15 10:44:00'),
(953, 551, 'Kilogram', 4, 5, 15, '2023-11-15 10:44:22', '2023-11-15 10:44:22'),
(954, 551, 'Kilogram', 4, 6, 20, '2023-11-15 10:44:38', '2023-11-15 10:44:38'),
(955, 551, 'Kilogram', 4, 7, 5, '2023-11-15 10:45:04', '2023-11-15 10:45:04'),
(956, 551, 'Kilogram', 4, 8, 10, '2023-11-15 10:45:21', '2023-11-15 10:45:21'),
(957, 551, 'Kilogram', 4, 9, 10, '2023-11-15 10:45:43', '2023-11-15 10:45:43'),
(958, 551, 'Kilogram', 4, 10, 15, '2023-11-15 10:46:03', '2023-11-15 10:46:03'),
(959, 551, 'Kilogram', 4, 11, 20, '2023-11-15 10:46:28', '2023-11-15 10:46:28'),
(960, 551, 'Kilogram', 4, 12, 50, '2023-11-15 10:46:49', '2023-11-15 10:46:49'),
(961, 551, 'Kilogram', 4, 13, 50, '2023-11-15 10:47:12', '2023-11-15 10:47:12'),
(962, 551, 'Kilogram', 5, 1, 5, '2023-11-15 10:47:37', '2023-11-15 10:47:37'),
(963, 551, 'Kilogram', 5, 2, 10, '2023-11-15 10:47:55', '2023-11-15 10:47:55'),
(964, 551, 'Kilogram', 5, 3, 10, '2023-11-15 10:48:14', '2023-11-15 10:48:14'),
(965, 551, 'Kilogram', 5, 5, 15, '2023-11-15 10:48:45', '2023-11-15 10:48:45'),
(966, 551, 'Kilogram', 5, 6, 20, '2023-11-15 10:49:06', '2023-11-15 10:49:06'),
(967, 552, 'Kilogram', 2, 1, 5, '2023-11-15 10:49:47', '2023-11-15 10:49:47'),
(968, 552, 'Kilogram', 2, 2, 10, '2023-11-15 10:50:06', '2023-11-15 10:50:06'),
(969, 552, 'Kilogram', 2, 3, 10, '2023-11-15 10:50:20', '2023-11-15 10:50:20'),
(970, 552, 'Kilogram', 2, 5, 15, '2023-11-15 10:50:40', '2023-11-15 10:50:40'),
(971, 552, 'Kilogram', 2, 6, 10, '2023-11-15 10:50:55', '2023-11-15 10:50:55'),
(972, 552, 'Kilogram', 2, 7, 5, '2023-11-15 10:51:30', '2023-11-15 10:51:30'),
(973, 552, 'Kilogram', 2, 8, 10, '2023-11-15 10:51:46', '2023-11-15 10:51:46'),
(974, 552, 'Kilogram', 2, 9, 10, '2023-11-15 10:52:04', '2023-11-15 10:52:04'),
(975, 552, 'Kilogram', 2, 10, 15, '2023-11-15 10:52:47', '2023-11-15 10:52:47'),
(976, 552, 'Kilogram', 2, 11, 10, '2023-11-15 10:53:03', '2023-11-15 10:53:03'),
(977, 552, 'Kilogram', 2, 12, 25, '2023-11-15 10:53:19', '2023-11-15 10:53:19'),
(978, 552, 'Kilogram', 2, 13, 20, '2023-11-15 10:53:48', '2023-11-15 10:53:48'),
(979, 552, 'Kilogram', 3, 1, 5, '2023-11-15 10:54:07', '2023-11-15 10:54:07'),
(980, 552, 'Kilogram', 3, 2, 10, '2023-11-15 10:54:25', '2023-11-15 10:54:25'),
(981, 552, 'Kilogram', 3, 3, 10, '2023-11-15 10:54:43', '2023-11-15 10:54:43'),
(982, 552, 'Kilogram', 3, 5, 15, '2023-11-15 10:55:07', '2023-11-15 10:55:07'),
(983, 552, 'Kilogram', 3, 6, 10, '2023-11-15 10:55:26', '2023-11-15 10:55:26'),
(984, 552, 'Kilogram', 3, 7, 5, '2023-11-15 10:55:44', '2023-11-15 10:55:44'),
(985, 552, 'Kilogram', 3, 8, 10, '2023-11-15 10:56:00', '2023-11-15 10:56:00'),
(986, 552, 'Kilogram', 3, 9, 10, '2023-11-15 10:56:20', '2023-11-15 10:56:20'),
(987, 552, 'Kilogram', 3, 10, 15, '2023-11-15 10:56:40', '2023-11-15 10:56:40'),
(988, 552, 'Kilogram', 3, 11, 10, '2023-11-15 10:57:03', '2023-11-15 10:57:03'),
(989, 552, 'Kilogram', 3, 12, 25, '2023-11-15 10:57:21', '2023-11-15 10:57:21'),
(990, 552, 'Kilogram', 3, 13, 20, '2023-11-15 10:57:36', '2023-11-15 10:57:36'),
(991, 552, 'Kilogram', 4, 1, 5, '2023-11-15 10:58:00', '2023-11-15 10:58:00'),
(992, 552, 'Kilogram', 4, 2, 10, '2023-11-15 10:58:20', '2023-11-15 10:58:20'),
(993, 552, 'Kilogram', 4, 3, 10, '2023-11-15 10:58:35', '2023-11-15 10:58:35'),
(994, 552, 'Kilogram', 4, 5, 15, '2023-11-15 10:59:04', '2023-11-15 10:59:04'),
(995, 552, 'Kilogram', 4, 6, 10, '2023-11-15 10:59:47', '2023-11-15 10:59:47'),
(996, 552, 'Kilogram', 4, 7, 5, '2023-11-15 11:00:04', '2023-11-15 11:00:04'),
(997, 552, 'Kilogram', 4, 8, 10, '2023-11-15 11:00:22', '2023-11-15 11:00:22'),
(998, 552, 'Kilogram', 4, 9, 10, '2023-11-15 11:00:39', '2023-11-15 11:00:39'),
(999, 552, 'Kilogram', 4, 10, 15, '2023-11-15 11:00:59', '2023-11-15 11:00:59'),
(1000, 552, 'Kilogram', 4, 11, 10, '2023-11-15 11:01:16', '2023-11-15 11:01:16'),
(1001, 552, 'Kilogram', 4, 12, 25, '2023-11-15 11:01:32', '2023-11-15 11:01:32'),
(1002, 552, 'Kilogram', 4, 13, 20, '2023-11-15 11:01:51', '2023-11-15 11:01:51'),
(1003, 552, 'Kilogram', 5, 1, 5, '2023-11-15 11:02:31', '2023-11-15 11:02:31'),
(1004, 552, 'Kilogram', 5, 2, 10, '2023-11-15 11:02:47', '2023-11-15 11:02:47'),
(1005, 552, 'Kilogram', 5, 3, 10, '2023-11-15 11:03:05', '2023-11-15 11:03:05'),
(1006, 552, 'Kilogram', 5, 5, 15, '2023-11-15 11:03:46', '2023-11-15 11:03:46'),
(1007, 552, 'Kilogram', 5, 6, 10, '2023-11-15 11:04:05', '2023-11-15 11:04:05'),
(1008, 553, 'Kilogram', 2, 1, 5, '2023-11-15 11:05:06', '2023-11-15 11:05:06'),
(1009, 553, 'Kilogram', 2, 2, 5, '2023-11-15 11:05:25', '2023-11-15 11:05:25'),
(1010, 553, 'Kilogram', 2, 3, 5, '2023-11-15 11:05:39', '2023-11-15 11:05:39'),
(1011, 553, 'Kilogram', 2, 5, 5, '2023-11-15 11:05:54', '2023-11-15 11:05:54'),
(1012, 553, 'Kilogram', 2, 6, 5, '2023-11-15 11:06:09', '2023-11-15 11:06:09'),
(1013, 553, 'Kilogram', 2, 7, 5, '2023-11-15 11:06:26', '2023-11-15 11:06:26'),
(1014, 553, 'Kilogram', 2, 8, 5, '2023-11-15 11:06:42', '2023-11-15 18:54:43'),
(1015, 553, 'Kilogram', 2, 9, 5, '2023-11-15 11:07:20', '2023-11-15 11:07:20'),
(1016, 553, 'Kilogram', 2, 10, 5, '2023-11-15 11:07:38', '2023-11-15 11:07:38'),
(1017, 553, 'Kilogram', 2, 11, 5, '2023-11-15 11:08:08', '2023-11-15 11:08:08'),
(1018, 553, 'Kilogram', 2, 12, 5, '2023-11-15 11:08:21', '2023-11-15 11:08:21'),
(1019, 553, 'Kilogram', 2, 13, 5, '2023-11-15 11:08:37', '2023-11-15 11:08:37'),
(1020, 553, 'Kilogram', 3, 1, 5, '2023-11-15 11:08:53', '2023-11-15 11:08:53'),
(1021, 553, 'Kilogram', 3, 2, 5, '2023-11-15 11:09:09', '2023-11-15 11:09:09'),
(1022, 553, 'Kilogram', 3, 3, 5, '2023-11-15 11:09:29', '2023-11-15 11:09:29'),
(1023, 553, 'Kilogram', 3, 5, 5, '2023-11-15 11:09:45', '2023-11-15 11:09:45'),
(1024, 553, 'Kilogram', 3, 6, 5, '2023-11-15 11:10:00', '2023-11-15 11:10:00'),
(1025, 553, 'Kilogram', 3, 7, 5, '2023-11-15 11:10:21', '2023-11-15 11:10:21'),
(1026, 553, 'Kilogram', 3, 8, 5, '2023-11-15 11:10:51', '2023-11-15 11:10:51'),
(1027, 553, 'Kilogram', 3, 9, 5, '2023-11-15 11:11:08', '2023-11-15 11:11:08'),
(1028, 553, 'Kilogram', 3, 10, 5, '2023-11-15 11:11:23', '2023-11-15 11:11:23'),
(1029, 553, 'Kilogram', 3, 11, 5, '2023-11-15 11:11:37', '2023-11-15 11:11:37'),
(1030, 553, 'Kilogram', 3, 12, 5, '2023-11-15 11:11:52', '2023-11-15 11:11:52'),
(1031, 553, 'Kilogram', 3, 13, 5, '2023-11-15 11:12:11', '2023-11-15 11:12:11'),
(1032, 553, 'Kilogram', 4, 1, 5, '2023-11-15 11:12:35', '2023-11-15 11:12:35'),
(1033, 553, 'Kilogram', 4, 2, 5, '2023-11-15 11:12:52', '2023-11-15 11:12:52'),
(1034, 553, 'Kilogram', 4, 3, 5, '2023-11-15 11:13:08', '2023-11-15 11:13:08'),
(1035, 553, 'Kilogram', 4, 5, 5, '2023-11-15 11:13:27', '2023-11-15 11:13:27'),
(1036, 553, 'Kilogram', 4, 6, 5, '2023-11-15 11:13:42', '2023-11-15 11:13:42'),
(1037, 553, 'Kilogram', 4, 7, 5, '2023-11-15 11:14:00', '2023-11-15 11:14:00'),
(1038, 553, 'Kilogram', 4, 8, 5, '2023-11-15 11:14:16', '2023-11-15 11:14:16'),
(1039, 553, 'Kilogram', 4, 9, 5, '2023-11-15 11:14:30', '2023-11-15 11:14:30'),
(1040, 553, 'Kilogram', 4, 10, 5, '2023-11-15 11:14:44', '2023-11-15 11:14:44'),
(1041, 553, 'Kilogram', 4, 11, 5, '2023-11-15 11:15:07', '2023-11-15 11:15:07'),
(1042, 553, 'Kilogram', 4, 12, 5, '2023-11-15 11:15:23', '2023-11-15 11:15:23'),
(1043, 553, 'Kilogram', 4, 13, 5, '2023-11-15 11:15:39', '2023-11-15 11:15:39'),
(1044, 553, 'Kilogram', 5, 1, 5, '2023-11-15 11:16:18', '2023-11-15 11:16:18'),
(1045, 553, 'Kilogram', 5, 2, 5, '2023-11-15 11:16:37', '2023-11-15 11:16:37'),
(1046, 553, 'Kilogram', 5, 3, 5, '2023-11-15 11:16:53', '2023-11-15 11:16:53'),
(1047, 553, 'Kilogram', 5, 5, 5, '2023-11-15 11:17:13', '2023-11-15 11:17:13'),
(1048, 553, 'Kilogram', 5, 6, 5, '2023-11-15 11:17:32', '2023-11-15 11:17:32');

-- --------------------------------------------------------

--
-- Table structure for table `bulan`
--

CREATE TABLE `bulan` (
  `id` bigint(20) UNSIGNED NOT NULL,
  `nama` varchar(128) NOT NULL,
  `created_at` timestamp NULL DEFAULT NULL,
  `updated_at` timestamp NULL DEFAULT NULL
) ENGINE=InnoDB DEFAULT CHARSET=utf8mb4 COLLATE=utf8mb4_general_ci;

--
-- Dumping data for table `bulan`
--

INSERT INTO `bulan` (`id`, `nama`, `created_at`, `updated_at`) VALUES
(1, 'Januari', '2023-10-27 15:56:39', '2023-10-27 15:57:25'),
(2, 'Februari', '2023-10-27 15:57:00', '2023-10-27 15:57:00'),
(3, 'Maret', '2023-10-27 15:57:15', '2023-10-27 15:57:15'),
(5, 'April', '2023-10-28 15:49:39', '2023-10-28 15:49:39'),
(6, 'Mei', '2023-10-28 15:49:45', '2023-10-28 15:49:45'),
(7, 'Juni', '2023-10-28 15:49:51', '2023-10-28 15:49:51'),
(8, 'Juli', '2023-10-28 15:49:58', '2023-10-28 15:49:58'),
(9, 'Agustus', '2023-10-28 15:50:04', '2023-10-28 15:50:04'),
(10, 'September', '2023-10-28 15:50:11', '2023-10-28 15:50:11'),
(11, 'Oktober', '2023-10-28 15:50:19', '2023-10-28 15:50:19'),
(12, 'November', '2023-10-28 15:50:33', '2023-10-28 15:50:33'),
(13, 'Desember', '2023-10-28 15:50:41', '2023-10-28 15:50:41');

-- --------------------------------------------------------

--
-- Table structure for table `migrations`
--

CREATE TABLE `migrations` (
  `id` int(10) UNSIGNED NOT NULL,
  `migration` varchar(255) NOT NULL,
  `batch` int(11) NOT NULL
) ENGINE=InnoDB DEFAULT CHARSET=utf8mb4 COLLATE=utf8mb4_unicode_ci;

--
-- Dumping data for table `migrations`
--

INSERT INTO `migrations` (`id`, `migration`, `batch`) VALUES
(1, '2019_12_14_000001_create_personal_access_tokens_table', 1),
(2, '2022_09_19_134504_make_kasus_table', 1),
(3, '2022_09_19_145703_create_puskesmas_table', 2),
(4, '2022_09_19_150923_create_kecamatan_table', 3),
(6, '2022_09_19_151045_create_kelurahan_table', 4);

-- --------------------------------------------------------

--
-- Table structure for table `personal_access_tokens`
--

CREATE TABLE `personal_access_tokens` (
  `id` bigint(20) UNSIGNED NOT NULL,
  `tokenable_type` varchar(255) NOT NULL,
  `tokenable_id` bigint(20) UNSIGNED NOT NULL,
  `name` varchar(255) NOT NULL,
  `token` varchar(64) NOT NULL,
  `abilities` text DEFAULT NULL,
  `last_used_at` timestamp NULL DEFAULT NULL,
  `expires_at` timestamp NULL DEFAULT NULL,
  `created_at` timestamp NULL DEFAULT NULL,
  `updated_at` timestamp NULL DEFAULT NULL
) ENGINE=InnoDB DEFAULT CHARSET=utf8mb4 COLLATE=utf8mb4_unicode_ci;

-- --------------------------------------------------------

--
-- Table structure for table `tahun`
--

CREATE TABLE `tahun` (
  `id` bigint(20) UNSIGNED NOT NULL,
  `nama` varchar(128) NOT NULL,
  `created_at` timestamp NULL DEFAULT NULL,
  `updated_at` timestamp NULL DEFAULT NULL
) ENGINE=InnoDB DEFAULT CHARSET=utf8mb4 COLLATE=utf8mb4_general_ci;

--
-- Dumping data for table `tahun`
--

INSERT INTO `tahun` (`id`, `nama`, `created_at`, `updated_at`) VALUES
(2, '2020', '2023-10-27 11:40:02', '2023-10-28 15:50:50'),
(3, '2021', '2023-10-27 11:40:08', '2023-10-28 15:50:57'),
(4, '2022', '2023-10-28 15:51:01', '2023-10-28 15:51:01'),
(5, '2023', '2023-10-28 15:51:07', '2023-10-28 15:51:07'),
(6, '2024', '2023-10-28 15:51:13', '2023-10-28 15:51:13');

-- --------------------------------------------------------

--
-- Table structure for table `users`
--

CREATE TABLE `users` (
  `id` bigint(20) UNSIGNED NOT NULL,
  `nama` varchar(255) NOT NULL,
  `password` varchar(255) NOT NULL,
  `role` int(20) DEFAULT NULL,
  `created_at` timestamp NULL DEFAULT NULL,
  `updated_at` timestamp NULL DEFAULT NULL
) ENGINE=InnoDB DEFAULT CHARSET=utf8mb4 COLLATE=utf8mb4_unicode_ci;

--
-- Dumping data for table `users`
--

INSERT INTO `users` (`id`, `nama`, `password`, `role`, `created_at`, `updated_at`) VALUES
(1, 'Mike', '$2y$10$spWAFeQSGCYEEZWDZakACOhVmQ1MiBZhYbeIJ5UHp2jiTpeLUNbxG', 1, NULL, '2023-11-13 08:16:51');

--
-- Indexes for dumped tables
--

--
-- Indexes for table `barang`
--
ALTER TABLE `barang`
  ADD PRIMARY KEY (`id`);

--
-- Indexes for table `barang_tahun_bulan`
--
ALTER TABLE `barang_tahun_bulan`
  ADD PRIMARY KEY (`id`),
  ADD KEY `barang_id` (`barang_id`,`tahun_id`,`bulan_id`),
  ADD KEY `tahun_id` (`tahun_id`),
  ADD KEY `bulan_id` (`bulan_id`);

--
-- Indexes for table `bulan`
--
ALTER TABLE `bulan`
  ADD PRIMARY KEY (`id`);

--
-- Indexes for table `migrations`
--
ALTER TABLE `migrations`
  ADD PRIMARY KEY (`id`);

--
-- Indexes for table `personal_access_tokens`
--
ALTER TABLE `personal_access_tokens`
  ADD PRIMARY KEY (`id`),
  ADD UNIQUE KEY `personal_access_tokens_token_unique` (`token`),
  ADD KEY `personal_access_tokens_tokenable_type_tokenable_id_index` (`tokenable_type`,`tokenable_id`);

--
-- Indexes for table `tahun`
--
ALTER TABLE `tahun`
  ADD PRIMARY KEY (`id`);

--
-- Indexes for table `users`
--
ALTER TABLE `users`
  ADD PRIMARY KEY (`id`);

--
-- AUTO_INCREMENT for dumped tables
--

--
-- AUTO_INCREMENT for table `barang`
--
ALTER TABLE `barang`
  MODIFY `id` bigint(20) UNSIGNED NOT NULL AUTO_INCREMENT, AUTO_INCREMENT=556;

--
-- AUTO_INCREMENT for table `barang_tahun_bulan`
--
ALTER TABLE `barang_tahun_bulan`
  MODIFY `id` bigint(20) UNSIGNED NOT NULL AUTO_INCREMENT, AUTO_INCREMENT=1056;

--
-- AUTO_INCREMENT for table `bulan`
--
ALTER TABLE `bulan`
  MODIFY `id` bigint(20) UNSIGNED NOT NULL AUTO_INCREMENT, AUTO_INCREMENT=14;

--
-- AUTO_INCREMENT for table `migrations`
--
ALTER TABLE `migrations`
  MODIFY `id` int(10) UNSIGNED NOT NULL AUTO_INCREMENT, AUTO_INCREMENT=7;

--
-- AUTO_INCREMENT for table `personal_access_tokens`
--
ALTER TABLE `personal_access_tokens`
  MODIFY `id` bigint(20) UNSIGNED NOT NULL AUTO_INCREMENT;

--
-- AUTO_INCREMENT for table `tahun`
--
ALTER TABLE `tahun`
  MODIFY `id` bigint(20) UNSIGNED NOT NULL AUTO_INCREMENT, AUTO_INCREMENT=12;

--
-- AUTO_INCREMENT for table `users`
--
ALTER TABLE `users`
  MODIFY `id` bigint(20) UNSIGNED NOT NULL AUTO_INCREMENT, AUTO_INCREMENT=16;

--
-- Constraints for dumped tables
--

--
-- Constraints for table `barang_tahun_bulan`
--
ALTER TABLE `barang_tahun_bulan`
  ADD CONSTRAINT `barang_tahun_bulan_ibfk_1` FOREIGN KEY (`barang_id`) REFERENCES `barang` (`id`) ON DELETE CASCADE ON UPDATE CASCADE,
  ADD CONSTRAINT `barang_tahun_bulan_ibfk_3` FOREIGN KEY (`tahun_id`) REFERENCES `tahun` (`id`) ON DELETE CASCADE ON UPDATE CASCADE,
  ADD CONSTRAINT `barang_tahun_bulan_ibfk_4` FOREIGN KEY (`bulan_id`) REFERENCES `bulan` (`id`) ON DELETE CASCADE ON UPDATE CASCADE;
COMMIT;

/*!40101 SET CHARACTER_SET_CLIENT=@OLD_CHARACTER_SET_CLIENT */;
/*!40101 SET CHARACTER_SET_RESULTS=@OLD_CHARACTER_SET_RESULTS */;
/*!40101 SET COLLATION_CONNECTION=@OLD_COLLATION_CONNECTION */;
